feat,gain_down,gain_up,share_down,share_up,下尾偏好,family,agg
level_propagation_speed_5m|std,276398.6025123596,1234.739990234375,0.12185165343274333,0.0011852094348098812,0.12066644399793346,其他,std
corr_length_5m|mean,218507.19345283508,2894.3622245788574,0.09632994728323802,0.0027782573201318474,0.09355168996310617,其他,mean
slam_absorption_5m|mean,169401.66052246094,830.4028005599976,0.07468153688653731,0.000797091891167661,0.07388444499536964,其他,mean
relative_flow_strength_zscore_5m|std,139351.0824432373,3080.5741777420044,0.061433594992911365,0.0029569995375289247,0.05847659545538244,其他,std
flow_market_beta_residual_5m|std,102438.42583274841,2733.0716037750244,0.045160472771238684,0.0026234367368228387,0.042537036034415845,其他,std
attn_sync_swarm_5m|mean,54506.72186279297,683.9744005203247,0.024029550518016772,0.0006565373431464266,0.023373013174870345,羊群/同步,mean
level_propagation_speed_5m|lh,24328.255058288574,405.25540351867676,0.01072522826468851,0.0003889989241110184,0.010336229340577492,其他,lh
overpay_regret_mag_5m|std,24261.836114883423,849.4976978302002,0.010695947154004126,0.0008154208127060926,0.009880526341298034,情绪/行为偏差,std
corr_length_5m|std,26384.5807762146,1871.7525987625122,0.011631769348644804,0.0017966688187220285,0.009835100529922775,其他,std
corr_length_5m|lh,21478.323957443237,543.8010997772217,0.009468822430321551,0.0005219869763784131,0.008946835453943138,其他,lh
order_price_range_skew_5m|mean,22994.538972854614,2612.0024013519287,0.01013725311306774,0.002507224123550693,0.007630028989517047,其他,mean
support_buildup_5m|mean,17790.663822174072,263.722599029541,0.007843099721537348,0.0002531435889454465,0.007589956132591902,其他,mean
burst_homog_5m|mean,15610.330722808838,517.9832992553711,0.006881889386981074,0.0004972048351935889,0.006384684551787485,其他,mean
slam_absorb_cycle_count_5m|std,16194.142667770386,1336.4656047821045,0.007139265691132862,0.0012828544119527345,0.0058564112791801275,其他,std
attn_sync_swarm_5m|lh,20521.508029937744,3557.67440700531,0.009047005526264973,0.0034149612926717967,0.005632044233593176,羊群/同步,lh
book_column_collapse_sync_5m|std,13644.792953491211,549.9414024353027,0.006015372606871273,0.0005278809659636734,0.005487491640907599,羊群/同步,std
disposition_effect_proxy_5m|lh,19735.973161697388,3690.6671018600464,0.008700698701070807,0.0035426190975127213,0.005158079603558086,情绪/行为偏差,lh
trade_size_tail_5m|std,16831.624395370483,2913.906005859375,0.007420302577119868,0.002797017119076347,0.004623285458043521,大单/分单,std
reality_detach_flow_divergence_5m|mean,12289.393165588379,1634.0627965927124,0.005417838090715517,0.0015685137429021655,0.0038493243478133514,其他,mean
order_price_range_pos_mean_5m|mean,17093.739366531372,3851.520915031433,0.007535857222965091,0.0036970203953597975,0.0038388368276052933,其他,mean
impact_perm_side_asym_5m|std,10718.974449157715,1171.9430952072144,0.004725511445647744,0.0011249315843704305,0.003600579861277314,侵略性/主动,std
exit_crush_5m|std,9796.72289466858,859.3845090866089,0.0043189324116948,0.0008249110228507044,0.0034940213888440957,其他,std
order_price_range_pos_mean_5m|lh,11850.109655380249,1877.2343978881836,0.005224177842226357,0.0018019307200898176,0.0034222471221365394,其他,lh
order_price_range_skew_5m|std,10599.26912689209,1947.3431854248047,0.004672738778527933,0.0018692271526251501,0.002803511625902783,其他,std
passive_buy_poison_asym_5m|std,6509.018255233765,349.2677974700928,0.0028695320070899347,0.0003352572137541644,0.0025342747933357703,其他,std
exploratory_spread_width_5m|lh,8908.434818267822,1509.8252897262573,0.003927326340426103,0.001449259919052636,0.0024780664213734675,流动性/枯竭,lh
sunk_wait_hazard_slope_5m|mean,7482.371814727783,1116.7906045913696,0.003298639605756931,0.0010719914894936503,0.0022266481162632806,其他,mean
relative_flow_strength_zscore_5m|lh,8241.641901016235,1490.0170993804932,0.0036333674754903986,0.0014302463175899884,0.0022031211579004104,其他,lh
di_persistence_5m|std,6664.84316444397,913.3892040252686,0.002938228167854429,0.0008767493649077874,0.0020614788029466417,其他,std
open_anchor_sell_pressure_5m|lh,7729.715814590454,1539.9214010238647,0.0034076823978549373,0.0014781487501775124,0.001929533647677425,情绪/行为偏差,lh
child_size_quantization_5m|mean,10210.435092926025,2863.821921348572,0.004501319424308985,0.002748942115459795,0.00175237730884919,大单/分单,mean
humble_buildup_vs_display_5m|mean,7462.7181758880615,1639.7938985824585,0.0032899752045377427,0.0015740149465594759,0.0017159602579782669,情绪/行为偏差,mean
interarrival_tail_dispersion_5m|mean,6206.543998718262,1260.7902917861938,0.002736184776162435,0.0012102147504415533,0.0015259700257208818,侵略性/主动,mean
sell_wall_fill_rate_5m|lh,4064.430305480957,418.3195991516113,0.0017918236506382424,0.0004015390605323042,0.0013902845901059382,其他,lh
order_lifetime_tail_5m|mean,11288.474716186523,3769.8324813842773,0.004976578377741752,0.003618608824471037,0.0013579695532707145,大单/分单,mean
dominant_actor_share_5m|lh,3336.4028358459473,157.2035026550293,0.001470869238737714,0.00015089741646460674,0.001319971822273107,其他,lh
humble_buildup_vs_display_5m|lh,9197.588170051575,2922.8894939422607,0.004054800986427232,0.0028056402420962123,0.00124916074433102,情绪/行为偏差,lh
sell_wall_fill_rate_5m|mean,4516.7212924957275,837.654896736145,0.001991218307845356,0.00080405307560981,0.001187165232235546,其他,mean
dominant_actor_share_5m|mean,3647.004325866699,468.90350341796875,0.0016077993996491098,0.00045009383405561623,0.0011577055655934937,其他,mean
downlimit_buy_support_5m|lh,15245.576555252075,5821.312308311462,0.006721085757696125,0.005587795264876773,0.0011332904928193525,涨跌停/封板,lh
disposition_effect_proxy_5m|std,4174.143789291382,828.7648000717163,0.001840191367712966,0.000795519597690258,0.001044671770022708,情绪/行为偏差,std
red_queen_queue_arms_race_5m|mean,4786.623928070068,1112.7393999099731,0.0021102061830069823,0.0010681027954781387,0.0010421033875288436,队列/排队,mean
fill_frag_5m|mean,3790.7612075805664,664.4529933929443,0.0016711753124429769,0.0006377990208347436,0.0010333762916082331,其他,mean
soc_avalanche_5m|mean,3226.5591430664062,419.06560134887695,0.0014224441184126325,0.0004022551374793384,0.001020188980933294,其他,mean
downlimit_capitulation_vs_defense_5m|mean,3841.483503341675,729.478497505188,0.0016935364805104576,0.0007002160815816552,0.0009933203989288025,涨跌停/封板,mean
cancel_timed_adverse_avoidance_5m|std,4180.932283401489,896.3713960647583,0.0018431841079949941,0.0008604142119896812,0.000982769896005313,撤单/犹豫,std
impact_perm_side_asym_5m|lh,6141.432416915894,1834.7006940841675,0.0027074800221292264,0.001761103220013174,0.0009463768021160523,侵略性/主动,lh
retail_chase_5m|mean,3153.8484897613525,483.6454048156738,0.0013903892771548894,0.00046424437648704786,0.0009261449006678416,大单/分单,mean
disposition_effect_proxy_5m|mean,3225.01141166687,633.7062044143677,0.001421761793580347,0.000608285613416393,0.000813476180163954,情绪/行为偏差,mean
passive_buy_depth_dist_5m|std,3520.322010040283,786.8033981323242,0.0015519508913577284,0.000755241442070647,0.0007967094492870813,流动性/枯竭,std
small_order_arrival_share_5m|lh,5402.099504470825,1734.13210105896,0.002381541551385154,0.001664568851448335,0.0007169726999368192,侵略性/主动,lh
supernormal_stimulus_overresponse_5m|mean,3056.829490661621,660.2463054656982,0.0013476179847270867,0.0006337610806529192,0.0007138569040741675,其他,mean
downlimit_buy_support_5m|std,8768.530163764954,3303.614305496216,0.003865648700527946,0.003171092598291713,0.0006945561022362332,涨跌停/封板,std
ultimatum_greedy_ask_rejection_5m|lh,2652.6940898895264,513.6329069137573,0.0011694529493500281,0.0004930289551790227,0.0006764239941710054,其他,lh
perishable_opportunity_urgency_5m|std,4069.54660987854,1246.7753019332886,0.0017940791980420423,0.001196761960110145,0.0005973172379318973,其他,std
group_polarization_drift_5m|std,1831.2989025115967,284.86319732666016,0.0008073369299710114,0.0002734361499359715,0.0005339007800350399,其他,std
order_price_range_skew_5m|lh,2869.9376907348633,774.5412998199463,0.0012652258357541968,0.0007434712275110311,0.0005217546082431657,其他,lh
soc_avalanche_5m|lh,2012.1246795654297,395.092001914978,0.0008870548435819707,0.00037924321880809136,0.0005078116247738794,其他,lh
child_size_quantization_5m|lh,6067.676517486572,2286.143801689148,0.0026749643790898226,0.002194437067337381,0.0004805273117524417,大单/分单,lh
liq_percolation_5m|std,3511.3242893218994,1153.2712907791138,0.0015479842028987586,0.0011070087836608585,0.00044097541923790017,其他,std
humble_buildup_vs_display_5m|std,3900.196081161499,1333.6576099395752,0.0017194202028578754,0.001280159057459817,0.00043926114539805843,情绪/行为偏差,std
passive_buy_poison_asym_5m|lh,2447.517496109009,686.3622035980225,0.0010789998610543433,0.0006588293615134824,0.0004201704995408608,其他,lh
flow_market_beta_residual_5m|lh,2363.9695835113525,669.8843984603882,0.0010421673619087533,0.0006430125496595343,0.00039915481224921893,其他,lh
retained_demand_imb_5m|mean,1769.326000213623,399.95849990844727,0.0007800158778947938,0.00038391450133069615,0.0003961013765640976,其他,mean
fill_frag_5m|std,3442.7929859161377,1177.045901298523,0.0015177718481473644,0.001129829695690431,0.0003879421524569334,其他,std
exploratory_spread_width_5m|mean,16376.57526397705,7143.060851097107,0.007219691978696368,0.006856522977387648,0.0003631690013087205,流动性/枯竭,mean
size_markout_slope_5m|std,2238.3930082321167,652.3342027664185,0.0009868063246563597,0.0006261663652937843,0.00036063995936257544,大单/分单,std
red_queen_queue_arms_race_5m|std,2959.737886428833,994.8858995437622,0.0013048146839771354,0.0009549768890815305,0.00034983779489560494,队列/排队,std
perishable_opportunity_urgency_5m|mean,2573.3735027313232,831.3412027359009,0.001134484086958436,0.0007979926501301334,0.00033649143682830255,其他,mean
order_footprint_persistence_5m|std,3591.080726623535,1298.9004020690918,0.0015831452119225821,0.0012467961057278285,0.0003363491061947536,其他,std
ud_vol_asym_5m|lh,1253.531702041626,271.45009994506836,0.0005526254805043844,0.00026056110766600445,0.00029206437283837993,其他,lh
overpay_regret_mag_5m|mean,3227.994884490967,1183.5096988677979,0.0014230770719257631,0.0011360342034608091,0.00028704286846495397,情绪/行为偏差,mean
sunk_wait_hazard_slope_5m|std,1984.6789951324463,620.0405006408691,0.0008749552815821854,0.000595168097847311,0.0002797871837348744,其他,std
cancel_resize_split_intensity_5m|std,2375.2338886260986,802.0153036117554,0.0010471332850014409,0.00076984313476567,0.0002772901502357709,撤单/犹豫,std
sacrificial_dump_capitulation_5m|lh,1658.9860019683838,488.18589878082275,0.000731371958917862,0.00046860273235853003,0.00026276922655933194,其他,lh
hysteresis_loop_5m|mean,1535.750202178955,435.8511028289795,0.000677042863799601,0.00041836730269596546,0.0002586755611036355,其他,mean
size_distribution_regime_shift_5m|mean,3172.8719005584717,1196.055890083313,0.001398775839310013,0.0011480771147758745,0.00025069872453413857,大单/分单,mean
queue_position_adverse_fill_5m|mean,2052.2462978363037,722.6194000244141,0.0009047426519871697,0.0006936321310230029,0.0002111105209641668,队列/排队,mean
red_queen_queue_arms_race_5m|lh,1546.9324131011963,498.89710330963135,0.0006819725952726385,0.0004788842659333133,0.00020308832933932516,队列/排队,lh
third_party_spoof_punishment_5m|std,1214.118797302246,350.7743978500366,0.0005352501118685538,0.00033670337812797613,0.0001985467337405777,其他,std
price_level_occupancy_5m|std,1890.308692932129,676.6518993377686,0.0008333516799230846,0.0006495085779354411,0.00018384310198764353,队列/排队,std
size_ladder_geometry_5m|std,1483.1190795898438,499.45490074157715,0.0006538401802432764,0.0004794196877907761,0.00017442049245250027,大单/分单,std
frame_break_withdrawal_5m|std,1398.6364974975586,464.61950302124023,0.0006165956275550908,0.00044598168272894854,0.0001706139448261423,撤单/犹豫,std
round_number_size_at_price_anchor_5m|mean,1363.9261951446533,470.7928981781006,0.0006012934238014998,0.0004519074373352537,0.00014938598646624607,情绪/行为偏差,mean
liq_percolation_5m|mean,4845.953184127808,2078.894706726074,0.0021363617709218917,0.001995501595376666,0.00014086017554522552,其他,mean
range_pressure_asym_5m|lh,1102.4559059143066,359.7050018310547,0.0004860229890863653,0.00034527573844720755,0.00014074725063915774,其他,lh
single_order_footprint_regret_5m|lh,1224.9314098358154,424.8553991317749,0.0005400169041141265,0.0004078126823974628,0.00013220422171666372,情绪/行为偏差,lh
exec_backloading_buy_5m|std,664.0648059844971,172.16129779815674,0.000292756163961019,0.00016525519224558146,0.00012750097171543753,其他,std
l1_replenish_amt_5m|lh,803.640100479126,251.66290092468262,0.0003542886039152771,0.00024156765547938625,0.00011272094843589082,其他,lh
order_aggression_ratio_orders_5m|lh,867.4007015228271,283.8999013900757,0.0003823977715826247,0.00027251149580507453,0.00010988627577755017,侵略性/主动,lh
burst_homog_5m|lh,1718.566089630127,677.5703954696655,0.000757638127151931,0.0006503902293681076,0.0001072478977838234,其他,lh
clock_grid_alignment_5m|mean,1094.851303100586,395.8671016693115,0.0004826704633567545,0.00037998722608818315,0.00010268323726857133,其他,mean
liquidity_vacuum_jump_share_5m|lh,965.5949993133545,336.67819690704346,0.0004256872000916125,0.00032317263442100335,0.00010251456567060915,流动性/枯竭,lh
cancel_reprice_chase_skew_5m|mean,1327.8364124298096,505.63410091400146,0.0005853830694948585,0.000485351014549332,0.00010003205494552654,撤单/犹豫,mean
downlimit_capitulation_vs_defense_5m|std,1008.3619956970215,359.1884021759033,0.00044454123616246763,0.00034477986175239934,9.976137441006829e-05,涨跌停/封板,std
queue_position_at_fill_skew_5m|std,2380.2910919189453,998.623703956604,0.0010493627773989335,0.0009585647546164705,9.079802278246299e-05,队列/排队,std
lemon_sell_into_strength_5m|lh,1090.7973976135254,407.8005027770996,0.0004808832796229427,0.0003914419288549061,8.944135076803658e-05,其他,lh
frame_break_withdrawal_5m|lh,1107.6796035766602,415.76829719543457,0.0004883258813275157,0.00039909010190666215,8.923577942085355e-05,撤单/犹豫,lh
retained_demand_imb_5m|lh,1240.284502029419,482.26610469818115,0.0005467853886581547,0.000462920405832808,8.386498282534672e-05,其他,lh
tit_for_tat_retaliation_5m|std,718.3646011352539,245.02599906921387,0.0003166944898426888,0.0002351969873555526,8.149750248713617e-05,其他,std
limit_lock_t1_overhang_5m|mean,406.8416004180908,104.74150276184082,0.0001793580765081873,0.00010053988553973614,7.881819096845117e-05,涨跌停/封板,mean
order_footprint_persistence_5m|lh,503.36399841308594,157.02699851989746,0.0002219104399502475,0.00015072799264429174,7.118244730595577e-05,其他,lh
premature_closure_persistence_5m|mean,1482.7888946533203,606.8796997070312,0.0006536946166257752,0.0005825352313654547,7.11593852603205e-05,其他,mean
threshold_crossing_effort_asym_5m|std,700.6123008728027,247.9110984802246,0.0003088683028809893,0.0002379663534320861,7.090194944890318e-05,其他,std
ud_vol_asym_5m|std,1445.0340976715088,591.6992979049683,0.0006370502327705943,0.0005679637786042991,6.908645416629517e-05,其他,std
trade_to_order_rhythm_lag_5m|mean,1030.0915927886963,401.63140201568604,0.0004541208335626734,0.00038552029637798897,6.860053718468442e-05,其他,mean
novelty_decay_trigger_followthrough_5m|lh,774.53590965271,291.8831977844238,0.0003414578813943038,0.00028017454898412406,6.128333241017976e-05,其他,lh
patience_collapse_resubmit_5m|std,997.2381076812744,399.25939750671387,0.0004396372166232992,0.00038324344283337204,5.6393773789927167e-05,其他,std
size_ladder_geometry_5m|lh,1146.3473072052002,469.9029006958008,0.000505372724469113,0.0004510531413528432,5.431958311626978e-05,大单/分单,lh
present_bias_convexity_5m|std,548.6882038116455,196.48610019683838,0.00024189183391584398,0.0001886042256702874,5.3287608245556576e-05,情绪/行为偏差,std
near_seal_chase_skew_5m|lh,154.72100067138672,16.358699798583984,6.820949737520478e-05,1.570248432532259e-05,5.250701304988219e-05,涨跌停/封板,lh
sell_wall_fill_rate_5m|std,908.0142040252686,367.00189781188965,0.00040030242951734075,0.000352279925587587,4.802250392975377e-05,其他,std
relative_flow_strength_zscore_5m|mean,1665.5984954833984,716.5736017227173,0.0007342871084909565,0.000687828854831415,4.6458253659541486e-05,其他,mean
third_party_spoof_punishment_5m|mean,989.9354934692383,412.6768970489502,0.0004364178240213476,0.0003961227106750147,4.0295113346332896e-05,其他,mean
uplimit_proximity_impact_5m|std,79.64549827575684,0.0,3.5112101020632715e-05,0.0,3.5112101020632715e-05,涨跌停/封板,std
failed_breakout_doubling_5m|mean,465.74279594421387,183.01499938964844,0.0002053249518787039,0.00017567350673331842,2.9651445145385482e-05,其他,mean
queue_position_at_fill_skew_5m|mean,1634.4848041534424,721.237099647522,0.0007205704880070247,0.0006923052804622441,2.8265207544780598e-05,队列/排队,mean
novelty_decay_trigger_followthrough_5m|mean,831.2758922576904,353.3377981185913,0.00036647197565280426,0.0003391639497523782,2.730802590042604e-05,其他,mean
liquidity_vacuum_jump_share_5m|std,994.6201076507568,428.5867004394531,0.0004384830587169065,0.0004113943056938292,2.7088753023077306e-05,流动性/枯竭,std
di_persistence_5m|mean,1345.2333946228027,596.738899230957,0.0005930526127765088,0.0005728012205649409,2.0251392211567904e-05,其他,mean
sunk_wait_hazard_slope_5m|lh,1144.333890914917,504.6164960861206,0.0005044851002127332,0.000484374230082601,2.0110870130132222e-05,其他,lh
cancel_at_touch_ratio_5m|lh,132.97990036010742,40.258901596069336,5.8624828725304316e-05,3.8643949644561836e-05,1.998087908074248e-05,撤单/犹豫,lh
cue_revisit_relapse_surge_5m|mean,575.1660003662109,247.8989963531494,0.0002535646978887554,0.00023795473677165214,1.5609961117103282e-05,其他,mean
fluct_dissip_5m|std,1782.3932991027832,807.0438976287842,0.0007857766594655791,0.0007746700109662858,1.1106648499293313e-05,其他,std
cancel_submit_ratio_asym_5m|lh,573.9832000732422,252.3310956954956,0.0002530432546901686,0.0002422090461793893,1.0834208510779292e-05,撤单/犹豫,lh
limit_lock_t1_overhang_5m|std,20.70319938659668,0.0,9.127105034808399e-06,0.0,9.127105034808399e-06,涨跌停/封板,std
order_aggression_ratio_orders_5m|mean,1095.8459072113037,495.9379997253418,0.0004831089393631465,0.0004760438642986226,7.065075064523934e-06,侵略性/主动,mean
overpay_regret_share_5m|mean,1472.6535015106201,669.9936027526855,0.0006492263798061853,0.0006431173733135637,6.109006492621672e-06,情绪/行为偏差,mean
passive_buy_depth_dist_5m|mean,2505.653314590454,1150.3035984039307,0.001104629316273145,0.0011041601377673915,4.691785057534849e-07,流动性/枯竭,mean
house_money_bet_escalation_5m|lh,875.0960025787354,401.54769706726074,0.0003857902820685749,0.0003854399491831151,3.503328854597928e-07,其他,lh
gap_impatience_5m|std,0.0,0.0,0.0,0.0,0.0,其他,std
gap_impatience_5m|lh,0.0,0.0,0.0,0.0,0.0,其他,lh
rival_crossing_count_5m|lh,334.0737018585205,155.8129005432129,0.0001472779984046329,0.00014956259718603256,-2.284598781399674e-06,其他,lh
pre_move_liquidity_evaporation_lead_5m|lh,278.9501037597656,130.89250087738037,0.00012297649503073305,0.00012564185837723177,-2.6653633464987243e-06,流动性/枯竭,lh
board_break_reseal_aggression_5m|mean,208.90610313415527,99.35099792480469,9.209726043368737e-05,9.536561626703621e-05,-3.2683558333488396e-06,涨跌停/封板,mean
burst_homog_5m|std,454.48130798339844,214.3712978363037,0.00020036027074187747,0.00020577197366046144,-5.411702918583968e-06,其他,std
tail_gamble_skew_5m|lh,678.6595077514648,319.94960021972656,0.00029919030843750304,0.00030711509130929623,-7.92478287179319e-06,大单/分单,lh
pump_to_fomo_lag_5m|lh,62.99970054626465,39.008798599243164,2.777372102301703e-05,3.744399347723851e-05,-9.67027245422148e-06,其他,lh
first_mover_anchor_follow_5m|std,21.43670082092285,20.975000381469727,9.450472670373547e-06,2.0133605895877695e-05,-1.0683133225504148e-05,情绪/行为偏差,std
prevent_defense_lead_passivation_5m|mean,1021.5007019042969,482.07180404663086,0.000450333497992923,0.00046273389938835134,-1.2400401395428319e-05,其他,mean
deindividuation_5m|lh,1117.659101486206,527.1085052490234,0.0004927253909836921,0.0005059639912295147,-1.3238600245822608e-05,情绪/行为偏差,lh
near_seal_chase_skew_5m|mean,292.7351989746094,150.91970443725586,0.0001290537205643947,0.0001448656875232505,-1.58119669588558e-05,涨跌停/封板,mean
size_distribution_regime_shift_5m|lh,829.0995998382568,400.20680046081543,0.0003655125466714321,0.00038415284151540127,-1.864029484396917e-05,大单/分单,lh
exec_backloading_buy_5m|lh,389.3395004272461,204.94290161132812,0.00017164219153972308,0.00019672178961414592,-2.507959807442284e-05,其他,lh
scarcity_panic_buy_elasticity_5m|std,60.43819808959961,54.13349914550781,2.6644470343818276e-05,5.1961979391588276e-05,-2.531750904777e-05,其他,std
fractional_reserve_liq_5m|lh,340.78529930114746,186.32210063934326,0.00015023683842091878,0.00017884794639997718,-2.8611107979058394e-05,其他,lh
pressure_point_execution_choke_5m|lh,205.01090049743652,124.06619834899902,9.038004161483125e-05,0.0001190893872290604,-2.8709345614229157e-05,其他,lh
limit_lock_t1_overhang_5m|lh,17.87849998474121,38.237199783325195,7.881822716309055e-06,3.6703346698364425e-05,-2.882152398205537e-05,涨跌停/封板,lh
phantom_jam_amplification_5m|std,667.2855024337769,337.47129917144775,0.00029417602348267544,0.0003239339220556272,-2.975789857295177e-05,其他,std
cancel_submit_ratio_asym_5m|std,550.186897277832,286.55690002441406,0.00024255254013933332,0.00027506191117559884,-3.2509371036265524e-05,撤单/犹豫,std
cancel_at_touch_ratio_5m|mean,368.3242988586426,208.3539981842041,0.0001623775388422037,0.00019999605291912956,-3.761851407692586e-05,撤单/犹豫,mean
wash_intensity_5m|std,420.3901023864746,234.91620063781738,0.00018533099877110113,0.0002254927349787888,-4.016173620768768e-05,其他,std
frame_break_withdrawal_5m|mean,1641.8778038024902,795.9674005508423,0.0007238297274636493,0.0007640378382455101,-4.020811078186081e-05,撤单/犹豫,mean
board_break_reseal_aggression_5m|lh,0.0,44.152099609375,0.0,4.2380975296478314e-05,-4.2380975296478314e-05,涨跌停/封板,lh
first_mover_anchor_follow_5m|lh,19.852699279785156,55.588199615478516,8.75215797169843e-06,5.3358325776631155e-05,-4.460616780493272e-05,情绪/行为偏差,lh
passive_buy_poison_asym_5m|mean,166.15279960632324,123.09200096130371,7.324926092419161e-05,0.0001181542689495881,-4.490500802539649e-05,其他,mean
patience_collapse_resubmit_5m|mean,1242.9563941955566,617.7306995391846,0.0005479633051717642,0.0005929509524726551,-4.498764730089086e-05,其他,mean
perishable_opportunity_urgency_5m|lh,1658.7317905426025,809.3265981674194,0.0007312598885880145,0.0007768611428941685,-4.5601254306153974e-05,其他,lh
vulnerable_fraction_5m|std,347.52869987487793,207.52240180969238,0.00015320969900052908,0.0001991978153332246,-4.598811633269552e-05,其他,std
signed_vol_flow_coupling_5m|std,1817.2738990783691,882.60009765625,0.0008011539397452838,0.0008471953376254937,-4.604139788020982e-05,其他,std
near_seal_chase_skew_5m|std,0.0,48.80659866333008,0.0,4.684876303858756e-05,-4.684876303858756e-05,涨跌停/封板,std
downlimit_buy_support_5m|mean,8320.919080734253,3872.7320890426636,0.003668317201503189,0.003717380700979066,-4.906349947587712e-05,涨跌停/封板,mean
positional_queue_jump_chain_5m|lh,615.7162895202637,336.3718032836914,0.00027144148791476944,0.00032287853151995974,-5.14370436051903e-05,队列/排队,lh
probe_sweep_retreat_5m|lh,522.4363899230957,293.7980031967163,0.0002303185954882531,0.00028201254358899895,-5.169394810074584e-05,侵略性/主动,lh
pov_book_reactivity_5m|std,147.66150093078613,122.47120094299316,6.509728295739947e-05,0.00011755837180148314,-5.246108884408367e-05,其他,std
bilateral_liquidity_flight_5m|lh,1428.8902969360352,711.232102394104,0.000629933160562466,0.0006827016252524157,-5.2768464689949626e-05,流动性/枯竭,lh
pressure_point_execution_choke_5m|std,40.73330116271973,74.63409996032715,1.7957471750347717e-05,7.164021586012845e-05,-5.368274410978073e-05,其他,std
schelling_anchor_convergence_5m|mean,1088.0799980163574,556.7227964401245,0.0004796853009394666,0.0005343903300559082,-5.4705029116441624e-05,情绪/行为偏差,mean
audience_contingent_display_5m|mean,398.01269912719727,239.97540187835693,0.0001754658129058713,0.00023034899061990654,-5.488317771403523e-05,其他,mean
fire_sale_contagion_5m|lh,450.04550552368164,264.19849967956543,0.0001984047258906934,0.000253600399241462,-5.519567335076858e-05,其他,lh
outhead_target_sell_5m|std,66.16379928588867,87.97830009460449,2.9168629172128987e-05,8.444912463786611e-05,-5.528049546573712e-05,其他,std
decisive_point_conc_5m|lh,650.5701942443848,356.5750951766968,0.00028680699946445805,0.0003422713853638389,-5.546438589938083e-05,其他,lh
public_commitment_wall_stickiness_5m|mean,1101.0202980041504,563.4883012771606,0.00048539009443370205,0.0005408844423609491,-5.549434792724708e-05,其他,mean
scarcity_panic_buy_elasticity_5m|lh,86.66069984436035,98.20719814300537,3.820478637623284e-05,9.426769905074463e-05,-5.606291267451179e-05,其他,lh
board_break_reseal_aggression_5m|std,51.84530067443848,82.9153003692627,2.285625018532992e-05,7.958922288496678e-05,-5.673297269963686e-05,涨跌停/封板,std
public_commitment_wall_stickiness_5m|lh,904.440996170044,480.1664991378784,0.00039872716364674533,0.00046090502418231355,-6.217786053556822e-05,其他,lh
downlimit_capitulation_vs_defense_5m|lh,2236.2396965026855,1091.9221963882446,0.0009858570268227154,0.0010481206565537918,-6.226362973107643e-05,涨跌停/封板,lh
aggressive_arrival_quickening_5m|lh,345.4985980987549,225.5497007369995,0.00015231471886745736,0.0002165019643376857,-6.418724547022835e-05,侵略性/主动,lh
chase_loss_aggression_escalation_5m|lh,276.70179557800293,194.5817985534668,0.0001219853175541324,0.00018677631348448418,-6.479099593035179e-05,侵略性/主动,lh
overpay_regret_share_5m|lh,491.6104984283447,293.56789684295654,0.00021672885294602814,0.00028179166775793915,-6.506281481191101e-05,情绪/行为偏差,lh
schelling_anchor_convergence_5m|lh,393.2748031616211,250.66139793395996,0.00017337708867951794,0.00024060632693816885,-6.72292382586509e-05,情绪/行为偏差,lh
wash_intensity_5m|lh,485.51859855651855,295.21259784698486,0.00021404320958466004,0.00028337039296553985,-6.932718338087981e-05,其他,lh
outhead_target_sell_5m|lh,360.07799911499023,238.54390144348145,0.0001587421179343823,0.00022897491362007855,-7.023279568569625e-05,其他,lh
ignition_burst_retreat_5m|lh,586.7850074768066,345.1020984649658,0.0002586869930624786,0.0003312586182583488,-7.257162519587018e-05,撤单/犹豫,lh
order_footprint_persistence_5m|mean,518.7847003936768,314.15079975128174,0.00022870873059408154,0.0003015489048407781,-7.284017424669657e-05,其他,mean
bandwagon_breadth_acceleration_5m|lh,789.0326919555664,438.896201133728,0.0003478488576040283,0.00042129024944528593,-7.344139184125762e-05,其他,lh
ignition_burst_retreat_5m|std,293.609899520874,212.77720069885254,0.000129439336507645,0.00020424182238792357,-7.480248588027856e-05,撤单/犹豫,std
pressure_point_execution_choke_5m|mean,320.42859649658203,226.07309913635254,0.0001412624880709949,0.00021700436705079443,-7.574187897979953e-05,其他,mean
premature_closure_persistence_5m|std,529.4094085693359,323.92830085754395,0.00023339268429962374,0.0003109341897199099,-7.754150542028614e-05,其他,std
l1_replenish_amt_5m|mean,472.0782051086426,298.86450004577637,0.0002081179474830289,0.0002868758021814421,-7.875785469841322e-05,其他,mean
hysteresis_loop_5m|std,367.44400215148926,251.2672996520996,0.0001619894558045073,0.00024118792341887432,-7.919846761436701e-05,其他,std
control_premium_on_spread_5m|mean,462.39919662475586,296.57969665527344,0.00020385091003554973,0.00028468265175582446,-8.083174172027473e-05,流动性/枯竭,mean
bandwagon_breadth_acceleration_5m|std,276.0014991760254,211.65360069274902,0.0001216765885167989,0.00020316329465032795,-8.148670613352905e-05,其他,std
first_responder_counterflow_5m|std,533.0744018554688,331.3241033554077,0.00023500841421893553,0.0003180333158256374,-8.302490160670188e-05,其他,std
pump_to_fomo_lag_5m|mean,231.2528018951416,193.62390232086182,0.00010194891007315275,0.00018585684245298647,-8.390793237983372e-05,其他,mean
decisive_point_conc_5m|mean,1762.101728439331,898.060305595398,0.0007768310229333596,0.0008620353723360586,-8.520434940269901e-05,其他,mean
pump_to_fomo_lag_5m|std,121.56679725646973,145.62019729614258,5.3593307323475086e-05,0.0001397787656504945,-8.61854583270194e-05,其他,std
exec_backloading_5m|std,270.27389907836914,218.5828971862793,0.00011915154846320547,0.00020981462824742656,-9.066307978422108e-05,其他,std
fractional_reserve_liq_5m|mean,639.9700984954834,389.76529693603516,0.0002821338962656412,0.00037413019011587776,-9.199629385023657e-05,其他,mean
pov_book_reactivity_5m|lh,148.4360008239746,164.18630027770996,6.543872496076227e-05,0.0001576001050380919,-9.216138007732962e-05,其他,lh
l1_cancel_churn_5m|std,3584.2171001434326,1742.6277961730957,0.0015801193491738446,0.0016727237489038151,-9.260439972997052e-05,撤单/犹豫,std
round_number_size_at_price_anchor_5m|lh,391.25890159606934,278.6097984313965,0.00017248836877758154,0.00026743360087388973,-9.494523209630819e-05,情绪/行为偏差,lh
vwap_curve_track_5m|lh,19.455299377441406,108.3478012084961,8.576962313202178e-06,0.00010400152035963431,-9.542455804643213e-05,其他,lh
synchronized_queue_pull_5m|mean,212.89489936828613,198.69479942321777,9.385574044016068e-05,0.00019072432478626827,-9.686858434610759e-05,羊群/同步,mean
queue_sunk_cost_age_cancel_5m|std,1078.8382949829102,596.6950950622559,0.0004756110517033128,0.0005727591735635971,-9.714812186028431e-05,撤单/犹豫,std
loud_tape_quiet_book_divergence_5m|lh,371.5699996948242,272.5516996383667,0.00016380842166810035,0.0002616185176148253,-9.781009594672497e-05,其他,lh
kyle_side_asym_5m|lh,374.0178985595703,276.01480197906494,0.0001648875896573528,0.00026494270052002843,-0.00010005511086267564,其他,lh
decoy_dominance_pull_5m|std,553.4251899719238,358.51720237731934,0.0002439801570501555,0.000344135586568785,-0.0001001554295186295,其他,std
buy_sell_order_size_asym_5m|lh,646.5793972015381,401.3936004638672,0.0002850476373918382,0.0003852920340352632,-0.00010024439664342496,大单/分单,lh
synchronized_queue_pull_5m|std,157.3689022064209,178.11829948425293,6.937683750369398e-05,0.0001709732338230632,-0.00010159639631936922,羊群/同步,std
vwap_curve_track_5m|std,20.485599517822266,117.64040184020996,9.031175085973999e-06,0.00011292135613861232,-0.00010389018105263832,其他,std
present_bias_convexity_5m|lh,18.165599822998047,120.40219974517822,8.00839206099416e-06,0.00011557236684523504,-0.00010756397478424087,情绪/行为偏差,lh
quoteless_price_discovery_5m|mean,299.2824993133545,249.96349906921387,0.0001319401294121427,0.00023993642369895879,-0.0001079962942868161,其他,mean
escape_queue_asym_5m|mean,341.57659912109375,269.5678005218506,0.00015058568675280272,0.00025875431509981287,-0.00010816862834701015,队列/排队,mean
retail_chase_5m|std,743.2246131896973,454.74299716949463,0.0003276541457369562,0.0004365013645963659,-0.00010884721885940968,大单/分单,std
zero_price_aggression_jump_5m|std,387.21780014038086,292.76290130615234,0.0001707068297625893,0.0002810189639395271,-0.00011031213417693781,侵略性/主动,std
first_responder_counterflow_5m|lh,822.0958003997803,494.0804977416992,0.00036242488799974424,0.00047426087444358975,-0.00011183598644384551,其他,lh
bilateral_liquidity_flight_5m|std,329.8257026672363,268.28830337524414,0.0001454052475276968,0.0002575261439042866,-0.00011212089637658979,流动性/枯竭,std
fomo_small_order_surge_5m|mean,192.3297004699707,206.77470207214355,8.478947358441235e-05,0.0001984801089413068,-0.00011369063535689446,其他,mean
quorum_cascade_ignition_5m|mean,250.1643943786621,233.44580173492432,0.00011028617658686521,0.00022408131989024683,-0.00011379514330338162,其他,mean
bloodless_displacement_5m|mean,7568.714500427246,3596.6767148971558,0.003336704194067694,0.003452399055810902,-0.000115694861743208,其他,mean
drawdown_concentration_5m|std,456.93020248413086,332.0775966644287,0.00020143987766204363,0.0003187565833847843,-0.00011731670572274065,其他,std
normalcy_bias_delayed_surge_5m|lh,160.99830055236816,196.43260097503662,7.097687522240843e-05,0.00018855287252473777,-0.00011757599730232934,情绪/行为偏差,lh
relative_overtake_chase_5m|mean,324.2559986114502,272.7263994216919,0.00014294981670366343,0.0002617862094633877,-0.00011883639275972425,其他,mean
queue_growth_attracts_joiners_5m|lh,347.8190002441406,283.6624975204468,0.0001533376793147031,0.00027228361519185233,-0.00011894593587714924,队列/排队,lh
anchor_round_number_buy_5m|lh,207.09639739990234,220.31110000610352,9.12994429558093e-05,0.00021147350566576618,-0.00012017406270995687,情绪/行为偏差,lh
exec_backloading_buy_5m|mean,290.4348030090332,259.0050973892212,0.0001280395799377505,0.0002486153259126951,-0.0001205757459749446,其他,mean
going_once_urgency_rush_5m|std,620.7554092407227,411.60489654541016,0.00027366300808239044,0.00039509371256936864,-0.0001214307044869782,其他,std
book_near_far_ratio_5m|std,569.8618965148926,389.02970123291016,0.00025122635819243503,0.0003734241022152309,-0.00012219774402279584,其他,std
threshold_crossing_effort_asym_5m|lh,519.1067981719971,366.0862007141113,0.0002288507289489885,0.0003514009609081415,-0.000122550231959153,其他,lh
relative_overtake_chase_5m|std,545.544903755188,379.36240100860596,0.00024050609496625047,0.0003641445976024337,-0.00012363850263618322,其他,std
aggressive_arrival_quickening_5m|mean,99.37329864501953,175.91380310058594,4.3809196706846436e-05,0.00016885716895629686,-0.00012504797224945042,侵略性/主动,mean
price_level_occupancy_5m|mean,611.8314971923828,411.40149879455566,0.0002697288585306395,0.0003948984739480893,-0.0001251696154174498,队列/排队,mean
cue_revisit_relapse_surge_5m|lh,341.8160991668701,288.93739891052246,0.00015069127150001127,0.0002773469183525629,-0.00012665564685255165,其他,lh
l1_quote_flicker_replenish_5m|std,466.2873954772949,346.21380043029785,0.0002055650412024611,0.00033232572523506386,-0.00012676068403260276,其他,std
trickle_down_elite_exit_5m|lh,202.71230125427246,225.63799953460693,8.93666930819049e-05,0.00021658672110334842,-0.00012722002802144353,其他,lh
cascade_saturation_5m|mean,180.3696002960205,216.03979682922363,7.951680589300495e-05,0.0002073735422206602,-0.00012785673632765524,其他,mean
sacrificial_dump_capitulation_5m|mean,1325.6799030303955,742.1076955795288,0.000584432361953021,0.0007123386700052716,-0.0001279063080522506,其他,mean
signed_vol_flow_coupling_5m|mean,639.4496994018555,427.706298828125,0.00028190447582202434,0.0004105492206521032,-0.00012864474483007888,其他,mean
info_decoupled_cascade_5m|std,150.56829833984375,203.57420253753662,6.637875857727655e-05,0.0001954079947516621,-0.00012902923617438556,其他,std
feint_cross_side_divergence_5m|std,614.9506988525391,417.64240074157715,0.000271103973586307,0.0004008890273664889,-0.0001297850537801819,其他,std
size_assortative_matching_5m|std,298.5576000213623,274.1915969848633,0.00013162055407240297,0.00026319263185957295,-0.00013157207778716998,大单/分单,std
cross_order_intensity_5m|lh,162.03519821166992,213.1960973739624,7.14339965431315e-05,0.00020464391537549777,-0.00013320991883236628,其他,lh
clock_grid_alignment_5m|std,367.8208980560303,308.55220127105713,0.00016215561217694519,0.00029617488942623325,-0.00013401927724928807,其他,std
lemon_sell_into_strength_5m|mean,546.0395927429199,392.5820016860962,0.00024072418098601396,0.00037683390512571757,-0.0001361097241397036,其他,mean
commitment_ratchet_lockin_5m|lh,531.4665050506592,388.8010959625244,0.00023429956517833118,0.00037320466725284903,-0.00013890510207451785,其他,lh
anchor_round_number_buy_5m|mean,542.4077987670898,394.1290988922119,0.00023912308714234235,0.00037831894182960556,-0.0001391958546872632,情绪/行为偏差,mean
deadline_concession_lift_5m|std,535.0140037536621,395.7637004852295,0.0002358634970455051,0.00037988797275556753,-0.00014402447571006244,其他,std
fluct_dissip_5m|lh,923.1645927429199,574.1657085418701,0.00040698155125896404,0.0005511335344204353,-0.00014415198316147126,其他,lh
tail_gamble_skew_5m|mean,2204.2372035980225,1162.67711353302,0.0009717485738893165,0.0011160372997518963,-0.0001442887258625798,大单/分单,mean
synchronized_queue_pull_5m|lh,183.11169815063477,237.48629760742188,8.072567292207823e-05,0.0002279597346717147,-0.00014723406174963648,羊群/同步,lh
group_polarization_drift_5m|lh,107.90889930725098,203.74419975280762,4.7572157316200503e-05,0.0001955711726717296,-0.0001479990153555291,其他,lh
forage_giveup_threshold_5m|lh,441.33849716186523,357.1696033477783,0.00019456619937248276,0.0003428420453400365,-0.00014827584596755375,其他,lh
adverse_move_cancel_asymmetry_5m|std,516.892599105835,392.8430004119873,0.00022787458864006988,0.0003770844341074029,-0.000149209845467333,撤单/犹豫,std
hot_hand_streak_chase_5m|lh,132.37249946594238,216.54150104522705,5.835705311943009e-05,0.00020785512099432435,-0.00014949806787489426,其他,lh
foot_in_door_size_escalation_5m|std,68.42460060119629,187.31320190429688,3.016531430674661e-05,0.00017979929047189962,-0.000149633976165153,大单/分单,std
fomo_small_order_surge_5m|lh,361.0802993774414,321.89470291137695,0.0001591839868262856,0.0003089821678436689,-0.0001497981810173833,其他,lh
sunk_cost_wall_refill_escalation_5m|mean,152.398099899292,229.45320224761963,6.718543539635566e-05,0.00022024888017079433,-0.00015306344477443868,其他,mean
left_digit_barrier_buy_asym_5m|std,331.32959938049316,312.2736988067627,0.00014606824762768543,0.00029974710222068786,-0.00015367885459300243,其他,std
drawdown_concentration_5m|mean,299.51480293273926,300.1743984222412,0.0001320425415801607,0.00028813315508707983,-0.00015609061350691913,其他,mean
exec_backloading_5m|mean,325.5156021118164,313.2251024246216,0.00014350511896566538,0.0003006603410832151,-0.00015715522211754974,其他,mean
prevent_defense_lead_passivation_5m|std,379.1515007019043,338.7073030471802,0.0001671507628551308,0.0003251203446762322,-0.0001579695818211014,其他,std
cascade_saturation_5m|lh,219.2372989654541,266.17570209503174,9.665181781038372e-05,0.0002554982878462481,-0.00015884647003586437,其他,lh
di_persistence_5m|lh,311.96140480041504,308.7855987548828,0.00013752968588338687,0.0002963989243664465,-0.00015886923848305965,其他,lh
premature_closure_persistence_5m|lh,326.40869903564453,316.7732000350952,0.00014389884504045365,0.0003040661097444873,-0.00016016726470403364,其他,lh
moc_tail_imbalance_ramp_5m|lh,150.84320068359375,236.34880256652832,6.64999505978367e-05,0.00022686786928695417,-0.00016036791868911747,大单/分单,lh
ob_entropy_shift_5m|std,207.13509941101074,262.7164993286133,9.131650492356841e-05,0.0002521778480871848,-0.00016086134316361638,其他,std
leader_hesitation_contagion_5m|mean,297.54730224609375,308.2558012008667,0.00013117515943850502,0.00029589037919537783,-0.0001647152197568728,撤单/犹豫,mean
escape_queue_asym_5m|lh,168.75080108642578,250.15020084381104,7.43946023734381e-05,0.00024011563608901536,-0.00016572103371557728,队列/排队,lh
narrative_sign_attention_asym_5m|lh,372.07559967041016,343.5560989379883,0.0001640313178493426,0.00032977463520112425,-0.00016574331735178164,其他,lh
loud_tape_quiet_book_divergence_5m|std,781.0303020477295,531.6120986938477,0.0003443209655205659,0.0005102869268139858,-0.00016596596129341988,其他,std
vwap_curve_track_5m|mean,113.97199821472168,225.80950164794922,5.0245103633895896e-05,0.00021675134355376774,-0.00016650623991987183,其他,mean
trade_price_reveal_5m|lh,722.3669996261597,505.82819747924805,0.00031845896646949003,0.00048553732509423525,-0.00016707835862474522,其他,lh
counter_signal_elite_contrarian_5m|lh,77.33050155639648,210.64059925079346,3.409152358145112e-05,0.00020219092890857055,-0.00016809940532711942,其他,lh
pov_book_reactivity_5m|mean,208.33760261535645,272.5490961074829,9.184663424540949e-05,0.00026161601852239157,-0.0001697693842769821,其他,mean
vol_of_vol_acceleration_5m|lh,191.69460105895996,265.0820007324219,8.450948695415303e-05,0.0002544484593932281,-0.00016993897243907508,其他,lh
retail_chase_5m|lh,665.7277965545654,484.6688995361328,0.00029348930135304627,0.0004652268145782737,-0.00017173751322522744,大单/分单,lh
rubberneck_liquidity_degradation_5m|lh,315.6241970062256,325.2197017669678,0.00013914444544585108,0.0003121737871688276,-0.0001730293417229765,流动性/枯竭,lh
fire_sale_contagion_5m|mean,489.58910179138184,407.3988981246948,0.0002158377105154281,0.00039105643423510087,-0.00017521872371967277,其他,mean
freeze_after_shock_5m|std,531.5453014373779,427.3077030181885,0.00023433430294443757,0.0004101666141775832,-0.00017583231123314563,其他,std
aggression_regime_switch_5m|std,180.57529830932617,266.7175989151001,7.96074888516064e-05,0.00025601844693149534,-0.00017641095807988894,侵略性/主动,std
vol_of_vol_acceleration_5m|mean,121.88630104064941,242.48839950561523,5.3734162103587705e-05,0.0002327611814625438,-0.0001790270193589561,其他,mean
vol_regime_switch_flow_sign_5m|std,741.463399887085,529.3714008331299,0.00032687770638082216,0.0005081361126619496,-0.00018125840628112745,其他,std
supernormal_stimulus_overresponse_5m|std,666.184892654419,495.51440048217773,0.0002936908143673616,0.00047563725738255353,-0.0001819464430151919,其他,std
aggr_penetration_depth_5m|std,160.47550010681152,265.7278003692627,7.074639613124298e-05,0.00025506835332120823,-0.00018432195718996524,流动性/枯竭,std
exit_vs_voice_under_stress_5m|std,504.1897029876709,424.39519691467285,0.0002222744557837055,0.0004073709408049464,-0.00018509648502124093,其他,std
info_decoupled_cascade_5m|mean,154.52389907836914,265.0019989013672,6.812260418983729e-05,0.00025437166676828846,-0.00018624906257845117,其他,mean
cascade_saturation_5m|std,146.06439971923828,261.1978998184204,6.439319320601283e-05,0.00025072016591813433,-0.00018632697271212152,其他,std
foot_in_door_size_escalation_5m|mean,63.95279884338379,224.65989780426025,2.8193898991835475e-05,0.0002156478551006439,-0.0001874539561088084,大单/分单,mean
ignition_burst_retreat_5m|mean,205.98780059814453,290.1289987564087,9.081071272325177e-05,0.000278490718173604,-0.00018768000545035227,撤单/犹豫,mean
hysteresis_loop_5m|lh,330.7742004394531,348.7117977142334,0.0001458233973329829,0.00033472351746052494,-0.00018890012012754204,其他,lh
quorum_cascade_ignition_5m|std,219.4923973083496,297.7466974258423,9.67642791419072e-05,0.00028580283927274943,-0.00018903856013084222,其他,std
feigned_retreat_trap_5m|lh,244.26210021972656,312.22379875183105,0.00010768412181605442,0.0002996992038644588,-0.0001920150820484044,撤单/犹豫,lh
loud_tape_quiet_book_divergence_5m|mean,225.34629821777344,304.4252996444702,9.93449995158926e-05,0.0002922135349847734,-0.00019286853546888078,其他,mean
group_polarization_drift_5m|mean,216.59939765930176,301.1676025390625,9.548888633089955e-05,0.0002890865176567372,-0.0001935976313258377,其他,mean
best_queue_survival_halflife_mean_5m|std,385.7126998901367,378.9615936279297,0.00017004329907753063,0.00036375986827247265,-0.00019371656919494202,队列/排队,std
fractional_reserve_liq_5m|std,394.28589820861816,383.1836967468262,0.0001738228347944924,0.00036781260527850946,-0.00019398977048401707,其他,std
open_anchor_sell_pressure_5m|std,334.4271011352539,356.06229972839355,0.00014743379617567978,0.0003417791602733231,-0.00019434536409764332,情绪/行为偏差,std
impact_susceptibility_5m|std,396.99480056762695,385.5106010437012,0.0001750170674296531,0.0003700461677680765,-0.0001950291003384234,侵略性/主动,std
order_price_range_pos_mean_5m|std,1389.8142051696777,841.5734977722168,0.0006127062775459091,0.0008078144852636161,-0.000195108207717707,其他,std
exec_backloading_sell_5m|lh,285.8617000579834,334.8174018859863,0.00012602350550452806,0.00032138648362598003,-0.00019536297812145197,其他,lh
rejection_cascade_sell_followthrough_5m|lh,459.41060066223145,415.52960109710693,0.00020253337312991455,0.0003988609809014078,-0.00019632760777149325,其他,lh
positional_queue_jump_chain_5m|std,300.3096008300781,342.5231990814209,0.0001323929320562894,0.00032878316925290864,-0.00019639023719661923,队列/排队,std
tit_for_tat_retaliation_5m|lh,635.6519069671631,498.5808963775635,0.0002802302007592879,0.00047858074337617316,-0.00019835054261688526,其他,lh
quoteless_price_discovery_5m|std,525.9301013946533,448.2146997451782,0.00023185881499572042,0.00043023494432834153,-0.0001983761293326211,其他,std
uplimit_proximity_impact_5m|lh,164.7538013458252,282.47299575805664,7.263250581167762e-05,0.00027114182929145384,-0.0001985093234797762,涨跌停/封板,lh
left_digit_barrier_buy_asym_5m|lh,317.02379989624023,355.2973966598511,0.0001397614671121958,0.00034104494064755435,-0.00020128347353535854,其他,lh
size_assortative_matching_5m|lh,193.2399024963379,299.0711030960083,8.519074052593284e-05,0.0002870741175242123,-0.00020188337699827947,大单/分单,lh
induced_demand_wall_pull_5m|lh,54.103702545166016,236.58390045166016,2.385187751326276e-05,0.0002270935364183064,-0.00020324165890504365,其他,lh
headline_vs_allin_elasticity_5m|mean,691.0584983825684,529.269305229187,0.00030465646309806976,0.0005080381125372248,-0.00020338164943915505,其他,mean
critical_slowing_5m|lh,361.5411014556885,378.2508010864258,0.00015938713363900197,0.0003630775885754953,-0.00020369045493649334,其他,lh
leader_hesitation_contagion_5m|lh,220.76730155944824,313.75200176239014,9.732632681346827e-05,0.0003011661042975416,-0.0002038397774840733,撤单/犹豫,lh
single_id_drip_footprint_5m|std,478.08519744873047,433.3683023452759,0.00021076615895061329,0.0004159840976638862,-0.0002052179387132729,其他,std
open_anchor_sell_pressure_5m|mean,1022.1652965545654,683.8916034698486,0.0004506264877412853,0.00065645786742994,-0.00020583137968865466,情绪/行为偏差,mean
hurst_flow_5m|std,122.1520004272461,270.87490463256836,5.385129695621932e-05,0.00026000898582932203,-0.0002061576888731027,其他,std
order_size_bimodality_5m|lh,2362.9819984436035,1300.766414642334,0.0010417319802812166,0.0012485872647773227,-0.00020685528449610607,大单/分单,lh
ud_vol_asym_5m|mean,181.89550018310547,299.9896984100342,8.0189506198014e-05,0.00028795586416040003,-0.00020776635796238604,其他,mean
resistance_absorption_break_5m|lh,2509.4415969848633,1371.6073951721191,0.001106299398788878,0.001316586519000187,-0.00021028712021130898,其他,lh
decoy_dominance_pull_5m|lh,291.9370975494385,355.52979946136475,0.00012870187371213086,0.0003412680208062993,-0.00021256614709416847,其他,lh
averaging_down_staircase_buy_5m|mean,777.5447978973389,579.4487047195435,0.0003427843642501134,0.0005562046076531524,-0.00021342024340303902,其他,mean
aggression_regime_switch_5m|lh,74.36340141296387,256.6337003707886,3.2783463211060405e-05,0.00024633905548964607,-0.00021355559227858567,侵略性/主动,lh
exec_backloading_5m|lh,191.94969940185547,311.6231002807617,8.46219482856765e-05,0.000299122601906947,-0.0002145006536212705,其他,lh
drawdown_concentration_5m|lh,375.4206008911133,395.96380615234375,0.000165505977727404,0.00038008005135227495,-0.00021457407362487094,其他,lh
spike_triggered_lottery_buy_rush_5m|lh,255.2263011932373,341.5275993347168,0.0001125177425545364,0.0003278275071520448,-0.00021530976459750842,其他,lh
book_hesitation_5m|lh,596.9351997375488,498.9723958969116,0.00026316175414444306,0.0004789565382218288,-0.00021579478407738576,撤单/犹豫,lh
trust_ladder_ratcheting_5m|lh,527.2862014770508,468.2112045288086,0.00023245665824007264,0.00044942930615368503,-0.0002169726479136124,其他,lh
size_markout_slope_5m|mean,175.8105010986328,307.6071996688843,7.750690508194444e-05,0.00029526779576792133,-0.0002177608906859769,大单/分单,mean
costly_entry_loyalty_5m|mean,249.3712978363037,341.6795988082886,0.00010993653616126342,0.00032797340929467255,-0.00021803687313340912,其他,mean
best_queue_survival_halflife_mean_5m|lh,191.75629806518555,315.67649936676025,8.453668637611863e-05,0.0003030134023003669,-0.00021847671592424827,队列/排队,lh
refill_latency_asymmetry_5m|std,295.4112014770508,363.4668970108032,0.0001302334491395349,0.0003488867283682171,-0.00021865327922868222,其他,std
first_mover_anchor_follow_5m|mean,85.8390007019043,267.3906021118164,3.784253635679556e-05,0.0002566644531714438,-0.00021882191681464825,情绪/行为偏差,mean
present_bias_convexity_5m|mean,659.992301940918,532.029598236084,0.0002909607809641044,0.0005106876787134957,-0.00021972689774939127,情绪/行为偏差,mean
eff_spread_gap_5m|lh,200.01259803771973,321.75390243530273,8.817651593294504e-05,0.00030884701546018023,-0.00022067049952723518,流动性/枯竭,lh
vol_regime_switch_flow_sign_5m|lh,76.55870056152344,266.74939823150635,3.375127140039275e-05,0.0002560489706450895,-0.00022229769924469677,其他,lh
adverse_move_cancel_asymmetry_5m|lh,350.7083988189697,395.57240295410156,0.00015461148457481975,0.0003797043489638852,-0.00022509286438906546,撤单/犹豫,lh
overpay_regret_share_5m|std,370.7203025817871,407.2335023880005,0.00016343382860865835,0.00039089767320917,-0.00022746384460051167,情绪/行为偏差,std
info_decoupled_cascade_5m|lh,780.4446067810059,596.0339994430542,0.00034406275894495626,0.0005721245972387139,-0.00022806183829375765,其他,lh
hurst_flow_5m|mean,150.07540130615234,306.6986026763916,6.61614625490714e-05,0.00029439564637901415,-0.00022823418382994276,其他,mean
intraframe_vol_leakage_5m|std,120.0562973022461,292.96150302886963,5.292739615294374e-05,0.00028120959892130116,-0.00022828220276835742,其他,std
best_queue_survival_halflife_diff_5m|lh,571.7295045852661,501.3508052825928,0.00025204970219371004,0.0004812395397169165,-0.00022918983752320647,队列/排队,lh
feint_cross_side_divergence_5m|mean,423.4378967285156,434.28039932250977,0.0001866746335670985,0.0004168596066385927,-0.0002301849730714942,其他,mean
queue_growth_attracts_joiners_5m|std,286.89510345458984,373.98909759521484,0.00012647908636273403,0.00035898683973274774,-0.00023250775337001371,队列/排队,std
counter_signal_elite_contrarian_5m|std,123.62720108032227,299.9223976135254,5.450164626004533e-05,0.00028789126307869595,-0.00023338961681865062,其他,std
orderflow_leadlag_leader_score_5m|mean,125.42950057983398,301.83920097351074,5.529619866371274e-05,0.0002897311754852737,-0.00023443497682156097,其他,mean
lifetime_tail_hazard_shape_5m|lh,287.275203704834,376.21099853515625,0.00012664665538638845,0.00036111961098666303,-0.00023447295560027458,大单/分单,lh
single_id_drip_footprint_5m|mean,378.8958988189697,419.6818962097168,0.000167038079535559,0.0004028467101905726,-0.0002358086306550136,其他,mean
cancel_submit_ratio_asym_5m|mean,441.7692985534668,448.6338987350464,0.00019475612023818408,0.000430637327503572,-0.00023588120726538792,撤单/犹豫,mean
cancel_resize_split_intensity_5m|lh,656.956298828125,550.6852025985718,0.0002896223443882385,0.0005285949292094514,-0.00023897258482121294,撤单/犹豫,lh
draft_behind_large_order_5m|mean,275.24080085754395,376.7898006439209,0.00012134123100403315,0.0003616751949360138,-0.00024033396393198064,其他,mean
cancel_submit_ratio_sell_5m|mean,2428.5949001312256,1366.0082941055298,0.0010706577435972567,0.0013112120211601064,-0.00024055427756284969,撤单/犹豫,mean
decoy_dominance_pull_5m|mean,561.8634052276611,509.1568021774292,0.00024770018483461946,0.0004887324056166439,-0.0002410322207820244,其他,mean
foot_in_door_size_escalation_5m|lh,79.82990074157715,289.84679985046387,3.519339573469074e-05,0.0002782198394392436,-0.00024302644370455286,大单/分单,lh
tonic_immobility_freeze_5m|mean,581.6493015289307,520.6857042312622,0.0002564228923919078,0.0004997988354684932,-0.0002433759430765854,其他,mean
control_premium_on_spread_5m|std,291.41619873046875,388.36839962005615,0.00012847223296219332,0.00037278932815995727,-0.0002443170951977639,流动性/枯竭,std
soc_avalanche_5m|std,278.9332962036133,384.32239818573,0.00012296908533875663,0.0003689056286676395,-0.00024593654332888285,其他,std
normalcy_bias_delayed_surge_5m|std,278.6073970794678,384.94859886169434,0.00012282541114225763,0.00036950670983056224,-0.0002466812986883046,情绪/行为偏差,std
competitive_sweep_winner_overpay_5m|std,196.69269943237305,348.92790031433105,8.671292266361055e-05,0.0003349309512867138,-0.00024821802862310326,侵略性/主动,std
run_length_reversal_continuation_skew_5m|mean,225.10039710998535,362.1821012496948,9.923659282970617e-05,0.0003476534711076497,-0.00024841687827794354,其他,mean
cornered_desperation_5m|mean,284.2613983154297,390.97369861602783,0.0001253180047836525,0.00037529011777959225,-0.00024997211299593975,其他,mean
trade_to_order_rhythm_lag_5m|lh,85.60290145874023,301.00929832458496,3.7738450869776955e-05,0.00028893456368257845,-0.0002511961128128015,其他,lh
size_price_position_coupling_5m|std,246.88969612121582,375.3768005371094,0.00010884251010832247,0.00036031887613916126,-0.0002514763660308388,队列/排队,std
impact_perm_side_asym_5m|mean,391.80739402770996,442.7591028213501,0.00017273017430439411,0.0004249981940831231,-0.000252268019778729,侵略性/主动,mean
double_down_to_save_face_5m|lh,606.5151977539062,542.0053033828735,0.000267385142351058,0.0005202632168448979,-0.0002528780744938399,情绪/行为偏差,lh
left_digit_barrier_buy_asym_5m|mean,855.1932983398438,656.4858989715576,0.0003770160791701237,0.0006301515197001474,-0.00025313544053002374,其他,mean
tonic_immobility_freeze_5m|std,689.7531070709229,581.5180072784424,0.00030408097505921965,0.0005581909018816383,-0.0002541099268224187,其他,std
accum_aggr_5m|std,167.03490257263184,341.63160133361816,7.363814025992495e-05,0.00032792733719829895,-0.000254289196938374,侵略性/主动,std
exec_backloading_sell_5m|std,257.91840171813965,383.55230617523193,0.00011370456802031218,0.0003681664282499542,-0.000254461860229642,其他,std
phantom_jam_amplification_5m|lh,306.9679012298584,406.51329803466797,0.00013532827581487025,0.0003902063592472736,-0.0002548780834324034,其他,lh
escape_queue_asym_5m|std,686.9756011962891,581.3829956054688,0.0003028564982342033,0.0005580613060882864,-0.00025520480785408314,队列/排队,std
spike_triggered_lottery_buy_rush_5m|mean,346.8872985839844,425.71429920196533,0.0001529269341562105,0.00040863712841427585,-0.00025571019425806534,其他,mean
orderflow_leadlag_leader_score_5m|std,300.5944995880127,404.51940155029297,0.00013251853104412695,0.00038829244624210164,-0.0002557739151979747,其他,std
zero_price_aggression_jump_5m|mean,213.52110290527344,365.84349727630615,9.413180528156639e-05,0.0003511679933144598,-0.00025703618803289344,侵略性/主动,mean
cross_order_intensity_5m|mean,254.825101852417,385.03729915618896,0.00011234087189531193,0.00036959185198740245,-0.00025725098009209054,其他,mean
failed_breakout_doubling_5m|lh,129.01169967651367,328.4919013977051,5.687542836635272e-05,0.0003153147252655965,-0.0002584392968992438,其他,lh
attn_sync_swarm_5m|std,255.8532009124756,386.90850162506104,0.00011279411431123618,0.0003713879927442316,-0.0002585938784329954,羊群/同步,std
accum_aggr_5m|mean,429.37719917297363,466.79920387268066,0.0001892930036185968,0.00044807394671539315,-0.00025878094309679636,侵略性/主动,mean
double_down_to_save_face_5m|mean,424.45729637145996,465.02409744262695,0.00018712404080314254,0.00044637004718566946,-0.0002592460063825269,情绪/行为偏差,mean
cancel_reprice_chase_skew_5m|lh,811.7121067047119,643.3241024017334,0.00035784718668728315,0.0006175176975214044,-0.00025967051083412125,撤单/犹豫,lh
chase_loss_aggression_escalation_5m|std,250.83600044250488,385.7287006378174,0.00011058225735062754,0.0003702555184805497,-0.0002596732611299222,侵略性/主动,std
kyle_side_asym_5m|mean,213.8514003753662,368.80159854888916,9.427741851003291e-05,0.0003540074328443344,-0.0002597300143343015,其他,mean
sunk_cost_wall_refill_escalation_5m|lh,93.25589942932129,313.48459911346436,4.1112311837077e-05,0.000300909428280804,-0.00025979711644372704,其他,lh
cancel_at_touch_ratio_5m|std,130.3839988708496,331.000696182251,5.748041306712297e-05,0.00031772288185901923,-0.00026024246879189625,撤单/犹豫,std
frictionless_compulsive_reentry_5m|mean,192.16549682617188,359.69329833984375,8.471708361820159e-05,0.00034526450443169565,-0.00026054742081349405,其他,mean
narrative_sign_attention_asym_5m|std,812.375114440918,645.0080995559692,0.0003581394768369477,0.0006191341425472227,-0.00026099466571027506,其他,std
cornered_desperation_5m|std,319.631799697876,418.8661003112793,0.0001409112163695835,0.00040206363925794343,-0.0002611524228883599,其他,std
gap_impatience_5m|mean,246.68619918823242,387.1337995529175,0.00010875279750656859,0.00037160425303534587,-0.0002628514555287773,其他,mean
refill_latency_asymmetry_5m|lh,218.3105010986328,374.10569763183594,9.624323451277077e-05,0.00035909876245704235,-0.00026285552794427157,其他,lh
queue_position_adverse_fill_5m|lh,358.389497756958,438.5576000213623,0.0001579977339887708,0.00042096523103154137,-0.00026296749704277057,队列/排队,lh
orderflow_leadlag_leader_score_5m|lh,106.09350204467773,322.74589920043945,4.677183070068538e-05,0.0003097992191100497,-0.00026302738840936434,其他,lh
low_anchor_buy_5m|std,333.5057029724121,430.26629638671875,0.0001470275933635395,0.0004130065260633904,-0.0002659789326998509,情绪/行为偏差,std
failed_breakout_doubling_5m|std,319.41519927978516,424.50700283050537,0.00014081572703339047,0.00040747826172057264,-0.0002666625346871822,其他,std
rubberneck_liquidity_degradation_5m|std,1366.5915985107422,905.6745910644531,0.0006024684796963957,0.0008693442171524859,-0.0002668757374560902,流动性/枯竭,std
novelty_decay_trigger_followthrough_5m|std,455.3191947937012,488.2904968261719,0.00020072965717254985,0.00046870313454133044,-0.0002679734773687806,其他,std
pre_move_liquidity_evaporation_lead_5m|std,7696.1780433654785,3813.9131937026978,0.0033928971100891294,0.0036609212761176506,-0.0002680241660285212,流动性/枯竭,std
vol_regime_switch_flow_sign_5m|mean,179.1987018585205,361.9527997970581,7.900060968465107e-05,0.0003474333678897819,-0.0002684327582051308,其他,mean
zero_price_aggression_jump_5m|lh,164.85050010681152,355.482195854187,7.267513592559274e-05,0.0003412223267777555,-0.00026854719085216274,侵略性/主动,lh
eff_spread_gap_5m|mean,717.8154106140137,609.5078029632568,0.00031645237655971836,0.000585057910471638,-0.00026860553391191966,流动性/枯竭,mean
hurst_flow_5m|lh,177.23200035095215,361.34089756011963,7.81335798649357e-05,0.0003468460115960386,-0.00026871243173110285,其他,lh
monotone_tick_cascade_5m|lh,336.17820167541504,434.5450019836426,0.00014820577727184348,0.0004171135949866909,-0.0002689078177148474,其他,lh
tolerance_escalation_dose_slope_5m|mean,258.7160987854004,400.68779850006104,0.00011405623660944633,0.0003846145447231598,-0.0002705583081137134,其他,mean
passive_order_conc_5m|mean,291.4786014556885,417.2665014266968,0.0001284997435037721,0.00040052820693622953,-0.00027202846343245745,其他,mean
going_once_urgency_rush_5m|mean,433.0519027709961,482.3778018951416,0.00019091301437561308,0.0004630276223907282,-0.00027211460801511515,其他,mean
fomo_small_order_surge_5m|std,729.9327049255371,619.6298999786377,0.00032179434404280025,0.0005947739680850413,-0.0002729796240422411,其他,std
board_inventory_depletion_urgency_5m|std,485.3631935119629,507.664098739624,0.0002139746985232481,0.00048729958072083395,-0.00027332488219758584,涨跌停/封板,std
slam_absorption_5m|std,267.8652992248535,408.9030990600586,0.00011808970563208762,0.00039250029541603224,-0.0002744105897839446,其他,std
supernormal_stimulus_overresponse_5m|lh,116.41300010681152,340.61890029907227,5.132123105957744e-05,0.00032695525981336085,-0.0002756340287537834,其他,lh
order_aggression_ratio_orders_5m|std,327.4521007537842,439.09039783477783,0.0001443588337068008,0.000421476656109129,-0.0002771178224023282,侵略性/主动,std
ob_entropy_shift_5m|mean,990.5726985931396,744.3881034851074,0.00043669873896526356,0.000714527601267143,-0.00027782886230187946,其他,mean
quorum_cascade_ignition_5m|lh,101.62319946289062,338.2434949874878,4.480107630473628e-05,0.000324675141886466,-0.0002798740655817297,其他,lh
size_distribution_regime_shift_5m|std,46.63839912414551,313.29579734802246,2.0560762590972998e-05,0.0003007282001392679,-0.0002801674375482949,大单/分单,std
moc_tail_imbalance_ramp_5m|std,238.66729927062988,402.03050231933594,0.0001052176269058856,0.0003859033871088817,-0.00028068576020299607,大单/分单,std
fill_frag_5m|lh,339.272705078125,450.4959030151367,0.00014957000398191375,0.0004324246390492202,-0.0002828546350673065,其他,lh
iceberg_reload_rate_5m|lh,485.898099899292,522.6536989212036,0.0002142105145770752,0.0005016878857079137,-0.0002874773711308385,其他,lh
normalcy_bias_delayed_surge_5m|mean,301.1909980773926,440.96649742126465,0.00013278150027240957,0.00042327749753982163,-0.0002904959972674121,情绪/行为偏差,mean
impact_susceptibility_5m|lh,221.13229751586914,407.00819873809814,9.7487237036537e-05,0.00039068140742554484,-0.00029319417038900785,侵略性/主动,lh
silence_then_burst_5m|mean,88.2416000366211,346.96380043029785,3.8901733830337634e-05,0.00033304563961634076,-0.00029414390578600313,其他,mean
audience_contingent_display_5m|std,188.5402011871338,395.73859691619873,8.311885459756264e-05,0.0003798638761950787,-0.00029674502159751604,其他,std
slam_recovery_ratio_5m|lh,270.18130111694336,434.52480125427246,0.00011911072620650203,0.00041709420459257646,-0.00029798347838607444,其他,lh
sunk_cost_wall_refill_escalation_5m|std,299.5625,449.3158988952637,0.00013206356906169205,0.0004312919698014034,-0.00029922840073971134,其他,std
trickle_down_elite_exit_5m|std,251.79999923706055,428.886194229126,0.00011100724085617375,0.00041168178554221396,-0.0003006745446860402,其他,std
induced_demand_wall_pull_5m|mean,296.5755977630615,451.50360107421875,0.0001307467788431285,0.0004333919141488441,-0.0003026451353057156,其他,mean
going_once_urgency_rush_5m|lh,246.65079879760742,429.82290267944336,0.00010873719107408082,0.0004125809187214767,-0.00030384372764739593,其他,lh
silence_then_burst_5m|lh,307.9164009094238,458.16259956359863,0.00013574642646102015,0.00043978379251871836,-0.0003040373660576982,其他,lh
uplimit_proximity_impact_5m|mean,194.51950073242188,410.412296295166,8.57548575633534e-05,0.00039394895247434845,-0.00030819409491099505,涨跌停/封板,mean
trust_ladder_ratcheting_5m|std,429.1720027923584,518.5397024154663,0.00018920254180717985,0.0004977389187092429,-0.00030853637690206304,其他,std
spiteful_breakout_suppression_5m|std,695.3769073486328,641.0009050369263,0.0003065602544628984,0.0006152876932634454,-0.000308727438800547,其他,std
buy_sell_order_size_asym_5m|std,411.9674015045166,512.6609001159668,0.00018161781057294402,0.000492095939615785,-0.000310478129042841,大单/分单,std
slam_absorption_5m|lh,347.9819984436035,484.34340381622314,0.00015340953785498,0.00046491437584519766,-0.0003115048379902177,其他,lh
passive_order_conc_5m|lh,237.35279846191406,434.1431007385254,0.00010463812290143413,0.00041672781567174026,-0.0003120896927703061,其他,lh
audience_contingent_display_5m|lh,220.42609786987305,428.43490409851074,9.717590552568252e-05,0.00041124859853533633,-0.0003140726930096538,其他,lh
patience_collapse_resubmit_5m|lh,1375.219799041748,962.8545017242432,0.000606272263403317,0.0009242304038246332,-0.0003179581404213162,其他,lh
cancel_vs_trend_asym_5m|mean,985.0581016540527,784.5158996582031,0.00043426760237869977,0.000753045704672422,-0.00031877810229372224,撤单/犹豫,mean
buy_reach_escalation_5m|lh,38.27390098571777,350.926100730896,1.6873233352264394e-05,0.00033684899557545855,-0.00031997576222319413,其他,lh
tonic_immobility_freeze_5m|lh,265.54150199890137,456.64770221710205,0.00011706524844724339,0.00043832966400418356,-0.0003212644155569402,其他,lh
slam_churn_5m|std,285.34510231018066,466.94439697265625,0.00012579576090250325,0.0004482133155163726,-0.00032241755461386934,其他,std
stealth_split_burst_5m|std,781.0768032073975,697.1598949432373,0.00034434146578048245,0.000669193912558828,-0.00032485244677834553,其他,std
clock_grid_alignment_5m|lh,196.66940307617188,429.77619647979736,8.67026523529206e-05,0.0004125360861017168,-0.0003258334337487962,其他,lh
drip_surcharge_neglect_5m|std,1762.9270133972168,1149.6093835830688,0.0007771948537767773,0.0011034937707897464,-0.00032629891701296907,其他,std
range_pressure_asym_5m|std,340.925500869751,498.68150329589844,0.0001502986469568264,0.0004786773145326602,-0.00032837866757583385,其他,std
feint_cross_side_divergence_5m|lh,472.02689933776855,559.3220024108887,0.0002080953290871513,0.0005368852710669133,-0.00032878994197976205,其他,lh
induced_demand_wall_pull_5m|std,170.59999656677246,421.0866947174072,7.52098290958327e-05,0.00040419515638854945,-0.00032898532729271675,其他,std
cancel_submit_ratio_buy_5m|std,315.9593963623047,488.1709041595459,0.00013929221969433343,0.0004685883392338647,-0.0003292961195395313,撤单/犹豫,std
near_miss_retry_surge_5m|lh,211.88240242004395,440.7972002029419,9.340937629027899e-05,0.000423114991536914,-0.000329705615246635,其他,lh
impact_susceptibility_5m|mean,524.0321006774902,585.2874040603638,0.00023102207224991544,0.0005618090924843637,-0.00033078702023444826,侵略性/主动,mean
exit_vs_voice_under_stress_5m|lh,330.70409774780273,496.5903034210205,0.00014579249222416527,0.0004766700013805948,-0.0003308775091564295,其他,lh
cross_order_intensity_5m|std,101.95999908447266,393.08879947662354,4.494955603796307e-05,0.0003773203731494509,-0.0003323708171114878,其他,std
double_confirmation_lag_chase_5m|lh,541.589900970459,597.1348028182983,0.0002387625129644971,0.0005731812428131091,-0.000334418729848612,其他,lh
aggr_penetration_depth_5m|lh,194.35209846496582,438.8355007171631,8.568105746851754e-05,0.0004212319839748398,-0.0003355509265063223,流动性/枯竭,lh
flight_return_hysteresis_5m|std,369.1005001068115,520.1713981628418,0.0001627197308960934,0.0004993051603551147,-0.00033658542945902133,其他,std
slam_recovery_ratio_5m|mean,683.1802997589111,664.7617044448853,0.0003011833213396151,0.0006380953482026788,-0.0003369120268630637,其他,mean
feigned_retreat_trap_5m|std,351.6333999633789,514.068000793457,0.00015501927577871486,0.0004934465956339579,-0.000338427319855243,撤单/犹豫,std
cancel_reprice_chase_skew_5m|std,422.6802005767822,547.4485988616943,0.0001863405995739845,0.0005254881591072213,-0.0003391475595332368,撤单/犹豫,std
relative_overtake_chase_5m|lh,1093.7778034210205,856.767297744751,0.0004821972058593374,0.0008223987987389117,-0.0003402015928795743,其他,lh
queue_emptying_ratio_5m|lh,1017.7562065124512,822.1721029281616,0.0004486827191878917,0.0007891913610435273,-0.0003405086418556356,队列/排队,lh
interarrival_tail_dispersion_5m|lh,1606.5928974151611,1092.6781997680664,0.0007082742067575583,0.0010488463334943619,-0.0003405721267368036,侵略性/主动,lh
wash_intensity_5m|mean,2621.3939056396484,1560.5906982421875,0.0011556541125652923,0.0014979889159353215,-0.00034233480337002927,其他,mean
supply_withdrawal_under_demand_5m|std,580.4860973358154,624.5233020782471,0.0002559100882282013,0.0005994710754782138,-0.0003435609872500125,撤单/犹豫,std
averaging_down_staircase_buy_5m|std,233.17899894714355,466.12909984588623,0.00010279808330879969,0.0004474307233476053,-0.0003446326400388056,其他,std
book_hesitation_5m|std,917.4904050827026,780.6296052932739,0.00040448005833533675,0.0007493153057348382,-0.0003448352473995015,撤单/犹豫,std
run_length_reversal_continuation_skew_5m|std,201.77449798583984,452.4124002456665,8.895325800005409e-05,0.0004342642576064678,-0.00034531099960641374,其他,std
sacrificial_dump_capitulation_5m|std,434.86940002441406,560.0158977508545,0.00019171426678219334,0.00053755133137937,-0.0003458370645971766,其他,std
headline_vs_allin_elasticity_5m|lh,1533.8212051391602,1065.7456951141357,0.0006761924561758671,0.0010229942035954668,-0.0003468017474195997,其他,lh
house_money_bet_escalation_5m|mean,866.0292930603027,759.7689990997314,0.0003817931795652581,0.000729291505200325,-0.0003474983256350669,其他,mean
trade_to_order_rhythm_lag_5m|std,424.67929458618164,557.41930103302,0.00018722190978394444,0.0005350588949533094,-0.00034783698516936495,其他,std
aggressive_arrival_quickening_5m|std,602.5035991668701,641.0456008911133,0.00026561660981762396,0.0006153305961810624,-0.00034971398636343844,侵略性/主动,std
drip_surcharge_neglect_5m|lh,579.3897037506104,630.4605016708374,0.0002554267378423602,0.0006051701093065032,-0.00034974337146414304,其他,lh
panic_euphoria_reaction_asym_5m|std,110.40240097045898,416.1937999725342,4.8671429518510584e-05,0.0003994985359980052,-0.0003508271064794946,其他,std
quote_lead_trade_score_5m|lh,293.91990089416504,500.9075002670288,0.00012957600210420945,0.00048081401750892094,-0.0003512380154047115,其他,lh
l1_quote_flicker_confirmed_5m|std,123.74290084838867,424.39190101623535,5.455265305932915e-05,0.00040736777711870056,-0.0003528151240593714,其他,std
hot_hand_streak_chase_5m|std,151.65750122070312,438.0985994338989,6.685893890651859e-05,0.0004205246428663021,-0.0003536657039597835,其他,std
positional_queue_jump_chain_5m|mean,554.0287055969238,623.7103042602539,0.00024424621981642964,0.0005986906903833871,-0.00035444447056695745,队列/排队,mean
freeze_after_shock_5m|mean,209.22160148620605,466.07479763031006,9.22363493997793e-05,0.0004473785994197007,-0.0003551422500199214,其他,mean
auction_fever_price_acceleration_5m|lh,710.5584106445312,696.4284906387329,0.00031325309321600733,0.0006684918479223739,-0.0003552387547063666,其他,lh
threshold_crossing_effort_asym_5m|mean,442.86259841918945,574.7575960159302,0.00019523810674291014,0.0005517016788266667,-0.00035646357208375657,其他,mean
arrival_accel_asym_5m|mean,369.9221019744873,541.8705034255981,0.00016308193803147588,0.0005201338242744472,-0.0003570518862429713,侵略性/主动,mean
queue_position_at_fill_skew_5m|lh,1309.6579895019531,974.536997795105,0.0005773690243064066,0.0009354442663987988,-0.00035807524209239216,队列/排队,lh
chain_migration_arrival_acceleration_5m|lh,189.2113037109375,462.3057985305786,8.341471337327664e-05,0.00044376079054647894,-0.0003603460771732023,侵略性/主动,lh
accum_aggr_5m|lh,708.8238983154297,701.8739986419678,0.0003124884251124808,0.0006737189139555569,-0.0003612304888430761,侵略性/主动,lh
probe_sweep_retreat_5m|std,373.3863010406494,553.0186977386475,0.00016460914685306586,0.0005308348181560917,-0.00036622567130302583,侵略性/主动,std
cornered_desperation_5m|lh,76.53109931945801,417.1712989807129,3.3739103260062444e-05,0.0004004368234562342,-0.0003666977201961717,其他,lh
unraveling_cascade_chain_5m|lh,1157.8568878173828,914.6634941101074,0.0005104467784446543,0.0008779725379184461,-0.00036752575947379175,其他,lh
kyle_side_asym_5m|std,1066.8326034545898,874.0339937210083,0.0004703182848440307,0.0008389728557395029,-0.0003686545708954722,其他,std
lemon_sell_into_strength_5m|std,82.9158992767334,422.49909687042236,3.6553873032990384e-05,0.00040555090121801885,-0.00036899702818502845,其他,std
vol_of_vol_acceleration_5m|std,314.6082992553711,529.3825988769531,0.00013869658203577944,0.0005081468615056703,-0.00036945027946989087,其他,std
aggression_regime_switch_5m|mean,417.9357032775879,576.9730997085571,0.00018424896511795222,0.0005538283094534589,-0.00036957934433550665,侵略性/主动,mean
feigned_retreat_trap_5m|mean,137.40469932556152,450.91890048980713,6.057552263311437e-05,0.00043283066833623226,-0.0003722551457031179,撤单/犹豫,mean
large_order_cancel_rate_5m|std,519.6033039093018,627.4225988388062,0.00022906961589153993,0.0006022540693895684,-0.00037318445349802845,撤单/犹豫,std
queue_position_adverse_fill_5m|std,104.41499900817871,438.6619005203247,4.603185456321507e-05,0.0004210653476037779,-0.0003750334930405628,队列/排队,std
flight_return_hysteresis_5m|mean,392.0793972015381,571.3481969833374,0.00017285008821194879,0.0005484290449665666,-0.0003755789567546178,其他,mean
third_party_spoof_punishment_5m|lh,527.7937965393066,634.0466032028198,0.00023268043396486998,0.0006086123573939608,-0.0003759319234290908,其他,lh
passive_fill_adverse_markout_5m|lh,350.4895992279053,553.3170938491821,0.00015451502572264296,0.000531121244357813,-0.00037660621863517006,其他,lh
forage_giveup_threshold_5m|mean,665.9010982513428,698.4289045333862,0.0002935657022396755,0.0006704120168973967,-0.0003768463146577212,其他,mean
public_commitment_wall_stickiness_5m|std,405.4262008666992,579.1456003189087,0.00017873409080769044,0.0005559136620304255,-0.0003771795712227351,其他,std
ultimatum_greedy_ask_rejection_5m|mean,608.6377983093262,675.4972019195557,0.0002683209010159145,0.0006484002002322481,-0.00038007929921633364,其他,mean
tolerance_escalation_dose_slope_5m|lh,299.0908012390137,533.4741983413696,0.00013185561839397552,0.0005120743299014813,-0.0003802187115075058,其他,lh
scarcity_panic_buy_elasticity_5m|mean,45.40299987792969,417.7707052230835,2.0016130890839016e-05,0.00040101218502171384,-0.00038099605413087484,其他,mean
freeze_after_shock_5m|lh,302.3741989135742,538.3474979400635,0.00013330312005239848,0.0005167521411886421,-0.0003834490211362437,其他,lh
house_money_bet_escalation_5m|std,395.42480087280273,587.6726989746094,0.0001743249255122761,0.0005640987033008331,-0.000389773777788557,其他,std
low_anchor_buy_5m|mean,625.6356029510498,693.7532033920288,0.0002758144649539889,0.0006659238775717754,-0.00039010941261778643,情绪/行为偏差,mean
bandwagon_breadth_acceleration_5m|mean,411.2480983734131,595.5558013916016,0.00018130070232765037,0.0005716655816995948,-0.00039036487937194444,其他,mean
lifetime_tail_hazard_shape_5m|mean,639.9721050262451,700.7705001831055,0.00028213478085437917,0.0006726596814085544,-0.00039052490055417523,大单/分单,mean
size_markout_slope_5m|lh,230.25550079345703,517.176700592041,0.00010150924508532009,0.0004964305925567222,-0.0003949213474714021,大单/分单,lh
slam_churn_5m|mean,302.8372001647949,551.1515941619873,0.0001335072363810986,0.0005290426118678635,-0.0003955353754867649,其他,mean
cancel_driven_vol_fraction_5m|lh,494.80920791625977,640.4856948852539,0.00021813901941000662,0.0006147931503333537,-0.0003966541309233471,撤单/犹豫,lh
best_queue_survival_halflife_diff_5m|std,182.04170036315918,498.4749002456665,8.025395925063358e-05,0.00047847899918989,-0.00039822503993925643,队列/排队,std
queue_emptying_ratio_5m|mean,440.4020023345947,617.3529977798462,0.00019415334112321206,0.0005925884019014801,-0.00039843506077826804,队列/排队,mean
silence_then_burst_5m|std,126.9429988861084,477.8582067489624,5.596343167216816e-05,0.0004586893269996834,-0.00040272589532751524,其他,std
exit_vs_voice_under_stress_5m|mean,1040.0849933624268,898.1766052246094,0.00045852647227522924,0.000862147006703534,-0.0004036205344283047,其他,mean
moc_tail_imbalance_ramp_5m|mean,282.4228000640869,550.7588024139404,0.00012450744990063838,0.0005286655766301757,-0.0004041581267295373,大单/分单,mean
size_price_position_coupling_5m|lh,258.8362007141113,540.8969974517822,0.00011410918412242529,0.0005191993696733684,-0.00040509018555094314,队列/排队,lh
narrative_sign_attention_asym_5m|mean,292.54360008239746,561.7047004699707,0.00012896925327114615,0.0005391723891988783,-0.0004102031359277321,其他,mean
new_high_landmark_echo_5m|lh,2302.714515686035,1485.8335905075073,0.0010151627706126883,0.0014262306266541722,-0.000411067856041484,其他,lh
competitive_sweep_winner_overpay_5m|lh,266.52650260925293,552.7354984283447,0.00011749949070430485,0.0005305629791477522,-0.00041306348844344734,侵略性/主动,lh
decisive_point_conc_5m|std,141.10680198669434,497.32869720458984,6.22076123988961e-05,0.0004773787751190442,-0.0004151711627201481,其他,std
single_id_drip_footprint_5m|lh,128.73409843444824,491.7737970352173,5.675304652348814e-05,0.00047204670509439254,-0.0004152936585709044,其他,lh
cancel_size_asymmetry_5m|mean,1420.325101852417,1088.763500213623,0.0006261571531100904,0.0010450886688175326,-0.00041893151570744224,撤单/犹豫,mean
fire_sale_contagion_5m|std,368.1933994293213,605.7474956512451,0.0001623198311991432,0.0005814484447223874,-0.0004191286135232442,其他,std
cue_revisit_relapse_surge_5m|std,266.1356010437012,559.0284986495972,0.00011732715986884122,0.0005366035409619632,-0.000419276381093122,其他,std
competitive_sweep_winner_overpay_5m|mean,1092.4183940887451,940.6224012374878,0.00048159790371625857,0.0009028901253360891,-0.00042129222161983054,侵略性/主动,mean
slam_recovery_ratio_5m|std,513.1207981109619,677.5841007232666,0.00022621177202860024,0.0006504033848469961,-0.00042419161281839583,其他,std
book_near_far_ratio_5m|lh,610.9593963623047,722.7260065078735,0.000269344388684775,0.0006937344610771093,-0.00042439007239233434,其他,lh
queue_emptying_ratio_5m|std,488.45759201049805,666.7801933288574,0.00021533887898580832,0.0006400328671040377,-0.00042469398811822935,队列/排队,std
trade_price_reveal_5m|mean,1205.9504947662354,997.1110076904297,0.0005316490764048985,0.0009571127388877734,-0.00042546366248287493,其他,mean
costly_entry_loyalty_5m|lh,119.74730110168457,498.4088010787964,5.279117369161211e-05,0.00047841555153546307,-0.000425624377843851,其他,lh
supply_withdrawal_under_demand_5m|lh,125.04600143432617,500.9518938064575,5.512713122073216e-05,0.00048085663023888164,-0.00042572949901814946,撤单/犹豫,lh
chase_loss_aggression_escalation_5m|mean,286.3568992614746,578.6374015808105,0.00012624181645536322,0.000555425849256954,-0.00042918403280159075,侵略性/主动,mean
quoteless_price_discovery_5m|lh,304.30369758605957,588.1091966629028,0.00013415374882331678,0.0005645176912517618,-0.0004303639424284451,其他,lh
cancel_timed_adverse_avoidance_5m|mean,1835.545696258545,1291.5032005310059,0.0008092091494220137,0.0012396956367031998,-0.0004304864872811861,撤单/犹豫,mean
board_inventory_depletion_urgency_5m|lh,235.62310218811035,557.4815979003906,0.00010387557797905156,0.0005351186928342808,-0.00043124311485522927,涨跌停/封板,lh
flight_to_safety_flow_beta_asym_5m|lh,313.525297164917,593.6707019805908,0.00013821913535481422,0.0005698561014647639,-0.00043163696610994963,其他,lh
chain_migration_arrival_acceleration_5m|mean,130.8563995361328,511.07850074768066,5.7688673172725036e-05,0.0004905770168662482,-0.0004328883436935231,侵略性/主动,mean
forage_giveup_threshold_5m|std,275.1294994354248,580.4955024719238,0.00012129216323671683,0.0005572094139947885,-0.0004359172507580716,其他,std
control_premium_on_spread_5m|lh,155.86039924621582,526.9989013671875,6.871180671758153e-05,0.0005058587840151448,-0.00043714697729756326,流动性/枯竭,lh
slam_churn_5m|lh,130.8484001159668,516.5890007019043,5.7685146589866535e-05,0.0004958664677530098,-0.0004381813211631433,其他,lh
adverse_move_cancel_asymmetry_5m|mean,105.17719841003418,505.6223964691162,4.636787383580667e-05,0.0004853397796184016,-0.00043897190578259495,撤单/犹豫,mean
panic_euphoria_reaction_asym_5m|lh,275.4447994232178,584.5459957122803,0.00012143116475297153,0.0005610974251081183,-0.00043966626035514675,其他,lh
cancel_size_asymmetry_5m|lh,269.93160247802734,583.9395027160645,0.00011900064536045122,0.0005605152610679591,-0.0004415146157075078,撤单/犹豫,lh
prevent_defense_lead_passivation_5m|lh,1259.632495880127,1039.6680965423584,0.0005553150448137423,0.0009979626859408159,-0.00044264764112707364,其他,lh
refill_latency_asymmetry_5m|mean,110.38950157165527,517.4400033950806,4.866574275650009e-05,0.0004966833331894404,-0.00044801759043294027,其他,mean
draft_behind_large_order_5m|lh,367.19579887390137,636.313099861145,0.0001618800341956909,0.0006107879354465532,-0.00044890790125086237,其他,lh
retained_demand_imb_5m|std,180.08280181884766,561.5676984786987,7.93903694048033e-05,0.0005390408829271712,-0.0004596505135223679,其他,std
hot_hand_streak_chase_5m|mean,283.6048946380615,612.7241945266724,0.00012502858197961205,0.000588145279194732,-0.0004631166972151199,其他,mean
deadline_concession_lift_5m|lh,151.57489776611328,556.3016023635864,6.682252277622871e-05,0.0005339860318252304,-0.00046716350904900167,其他,lh
size_ladder_geometry_5m|mean,1092.3902950286865,989.7001028060913,0.0004815855161104714,0.0009499991162150931,-0.0004684136001046217,大单/分单,mean
distance_to_board_order_gradient_5m|std,4651.552703857422,2625.6569929122925,0.0020506593841017316,0.002520330972663717,-0.00046967158856198524,涨跌停/封板,std
exec_backloading_sell_5m|mean,347.76170349121094,650.1181106567383,0.0001533124197655688,0.0006240391698537936,-0.0004707267500882248,其他,mean
survival_under_adverse_5m|lh,748.3176956176758,837.9943008422852,0.00032989945562375523,0.0008043788648059095,-0.0004744794091821543,其他,lh
cancel_submit_ratio_sell_5m|std,407.13159942626953,685.4319038391113,0.00017948592396587785,0.0006579363799463644,-0.0004784504559804866,撤单/犹豫,std
conspicuous_overpay_when_cheap_5m|lh,780.4267110824585,859.1777973175049,0.0003440548695401709,0.0008247126031502281,-0.00048065773361005725,情绪/行为偏差,lh
trickle_down_elite_exit_5m|mean,343.0239028930664,660.3383913040161,0.00015122373758240642,0.0006338494725453419,-0.00048262573496293544,其他,mean
eff_spread_gap_5m|std,803.722505569458,872.0218029022217,0.00035432493259572974,0.0008370413822617459,-0.0004827164496660161,流动性/枯竭,std
queue_sunk_cost_age_cancel_5m|lh,611.6726055145264,783.9687976837158,0.0002696588103701657,0.0007525205492331442,-0.0004828617388629785,撤单/犹豫,lh
monotone_tick_cascade_5m|std,226.32720184326172,607.2858047485352,9.977743559747e-05,0.0005829250458450384,-0.00048314761024756837,其他,std
rejection_cascade_sell_followthrough_5m|mean,945.4573040008545,938.078197479248,0.00041680940024802176,0.0009004479801701485,-0.0004836385799221267,其他,mean
double_confirmation_lag_chase_5m|std,429.75860500335693,712.2479085922241,0.0001894611482135356,0.0006836766832399048,-0.0004942155350263692,其他,std
dominant_actor_share_5m|std,152.28370094299316,587.0063009262085,6.713500206619666e-05,0.0005634590372492349,-0.0004963240351830383,其他,std
iceberg_reload_rate_5m|mean,230.84270095825195,623.225902557373,0.00010176811510248323,0.0005982257200470952,-0.0004964576049446119,其他,mean
lifetime_tail_hazard_shape_5m|std,441.40729904174805,720.1522006988525,0.0001945965310121756,0.0006912639013217384,-0.0004966673703095629,大单/分单,std
passive_order_conc_5m|std,267.4640998840332,641.2715015411377,0.00011791283497286315,0.0006155474350166522,-0.000497634600043789,其他,std
arrival_accel_asym_5m|std,464.2281017303467,734.0872011184692,0.00020465719164863372,0.000704639910928647,-0.0004999827192800133,侵略性/主动,std
critical_slowing_5m|mean,101.74860191345215,567.653003692627,4.485636057826931e-05,0.0005448820812444595,-0.0005000257206661902,其他,mean
l1_quote_flicker_replenish_5m|mean,339.07190704345703,677.8170051574707,0.0001494814812024643,0.0006506269465158584,-0.0005011454653133941,其他,mean
rubberneck_liquidity_degradation_5m|mean,199.756103515625,614.515398979187,8.806343908910577e-05,0.0005898646309882953,-0.0005018011918991895,流动性/枯竭,mean
phantom_wall_repulsion_5m|std,2316.711498260498,1590.127202987671,0.0010213334077080454,0.0015263405886538903,-0.0005050071809458449,其他,std
run_length_reversal_continuation_skew_5m|lh,263.8333988189697,647.7482967376709,0.00011631222294416006,0.0006217644190254113,-0.0005054521960812513,其他,lh
anchor_round_number_buy_5m|std,130.76390075683594,587.37939453125,5.76478946409402e-05,0.000563817164518344,-0.0005061692698774038,情绪/行为偏差,std
stealth_accum_5m|std,482.69670486450195,749.9969034194946,0.00021279916417683901,0.0007199114089131033,-0.0005071122447362643,其他,std
fluct_dissip_5m|mean,711.7019996643066,855.3084011077881,0.00031375724993619523,0.0008209984245125836,-0.0005072411745763884,其他,mean
critical_slowing_5m|std,264.1275043487549,650.3751983642578,0.00011644188078165377,0.0006242859447043174,-0.0005078440639226636,其他,std
sniper_liquidity_pounce_5m|std,919.1438045501709,956.1668004989624,0.0004052089674436482,0.0009178109741049496,-0.0005126020066613014,流动性/枯竭,std
resistance_absorption_break_5m|std,1128.9785976409912,1057.5551071166992,0.0004977156453118574,0.001015132174141509,-0.0005174165288296515,其他,std
resistance_absorption_break_5m|mean,2481.2796955108643,1680.3642110824585,0.0010938840890614588,0.0016129578151216723,-0.0005190737260602136,其他,mean
large_order_cancel_rate_5m|lh,327.1069984436035,694.2129011154175,0.00014420669369336826,0.0006663651349079191,-0.0005221584412145508,撤单/犹豫,lh
signed_vol_flow_coupling_5m|lh,2649.838207244873,1769.215401649475,0.0011681939197489457,0.0016982448149653639,-0.0005300508952164181,其他,lh
costly_entry_loyalty_5m|std,421.64259910583496,748.6960954666138,0.00018588316797451206,0.0007186627817763589,-0.0005327796138018468,其他,std
ob_entropy_shift_5m|lh,131.2996006011963,616.2406034469604,5.788406049411615e-05,0.0005915206303309529,-0.0005336365698368368,其他,lh
sticker_anchor_entry_gate_5m|std,1318.5968952178955,1169.161392211914,0.0005813097838886417,0.0011222614670494202,-0.0005409516831607785,情绪/行为偏差,std
passive_buy_depth_dist_5m|lh,1308.267686843872,1168.6200923919678,0.0005767561026920453,0.0011217418810161377,-0.0005449857783240925,流动性/枯竭,lh
large_order_cancel_rate_5m|mean,739.5759029388428,908.4616975784302,0.0003260455942720705,0.0008720195212345693,-0.0005459739269624989,撤单/犹豫,mean
probe_sweep_retreat_5m|mean,782.1233997344971,929.6341028213501,0.00034480286289372713,0.0008923426132620363,-0.0005475397503683091,侵略性/主动,mean
cancel_size_asymmetry_5m|std,853.8504028320312,964.3186044692993,0.00037642405722599303,0.0009256357753204104,-0.0005492117180944173,撤单/犹豫,std
headline_vs_allin_elasticity_5m|std,343.194299697876,734.8951969146729,0.0001512988578334387,0.0007054154946535781,-0.0005541166368201394,其他,std
buy_reach_escalation_5m|mean,105.8292007446289,632.8263149261475,4.665531220123337e-05,0.0006074410199543874,-0.0005607857077531541,其他,mean
flight_to_safety_flow_beta_asym_5m|mean,296.2404975891113,721.2065963745117,0.00013059904831956475,0.0006922760008023559,-0.0005616769524827912,其他,mean
unraveling_cascade_chain_5m|std,514.1326999664307,822.2702960968018,0.0002266578738289703,0.0007892856152758569,-0.0005626277414468865,其他,std
flow_market_beta_residual_5m|mean,875.8982009887695,991.6094989776611,0.0003861439350963228,0.0009518319185663839,-0.0005656879834700611,其他,mean
book_near_far_ratio_5m|mean,1072.8397979736328,1085.5637950897217,0.00047296658544317995,0.0010420173171714767,-0.0005690507317282968,其他,mean
arrival_accel_asym_5m|lh,431.42309951782227,796.5952997207642,0.00019019494862668445,0.0007646405497687349,-0.0005744456011420505,侵略性/主动,lh
ultimatum_greedy_ask_rejection_5m|std,662.8723945617676,903.5580005645752,0.0002922304836496463,0.000867312531898971,-0.0005750820482493247,其他,std
phantom_wall_repulsion_5m|lh,8803.449699401855,4642.649708747864,0.0038810431457812276,0.004456413723411391,-0.0005753705776301633,其他,lh
l1_quote_flicker_confirmed_5m|mean,233.94379997253418,709.6509103775024,0.00010313524951964093,0.0006811838614226667,-0.0005780486119030258,其他,mean
passive_fill_adverse_markout_5m|std,1250.0998916625977,1177.4969959259033,0.0005511125503913114,0.0011302626950365215,-0.0005791501446452102,其他,std
board_inventory_depletion_urgency_5m|mean,277.7175979614258,733.3297004699707,0.00012243313892101306,0.0007039127967810729,-0.0005814796578600598,涨跌停/封板,mean
phantom_jam_amplification_5m|mean,382.87410163879395,786.2290019989014,0.00016879188938437943,0.0007546900873546458,-0.0005858981979702663,其他,mean
frictionless_compulsive_reentry_5m|lh,104.7755012512207,659.1012992858887,4.6190783711125344e-05,0.0006326620054322581,-0.0005864712217211327,其他,lh
cancel_vs_trend_asym_5m|lh,124.31490135192871,674.3051996231079,5.4804822232715615e-05,0.0006472560141046111,-0.0005924511918718955,撤单/犹豫,lh
cancel_driven_vol_fraction_5m|std,871.2677974700928,1017.82470703125,0.0003841025994322384,0.0009769955256143097,-0.0005928929261820714,撤单/犹豫,std
leader_hesitation_contagion_5m|std,944.6431941986084,1064.250690460205,0.0004164504960257218,0.0010215591697948793,-0.0006051086737691575,撤单/犹豫,std
spike_triggered_lottery_buy_rush_5m|std,284.97000312805176,762.3558006286621,0.00012563039662378322,0.00073177453936324,-0.0006061441427394567,其他,std
near_miss_retry_surge_5m|std,189.96380043029785,733.1776008605957,8.374645517161903e-05,0.0007037667985195053,-0.0006200203433478862,其他,std
iceberg_reload_rate_5m|std,5659.339170455933,3246.088599205017,0.002494946895492747,0.0031158744872888536,-0.0006209275917961068,其他,std
commitment_ratchet_lockin_5m|std,661.8495044708252,953.2505006790161,0.00029177953763281277,0.0009150116591976235,-0.0006232321215648108,其他,std
price_level_occupancy_5m|lh,503.39420318603516,881.764401435852,0.00022192375586969128,0.0008463931646555693,-0.0006244694087858781,队列/排队,lh
counter_signal_elite_contrarian_5m|mean,99.42530059814453,696.7704954147339,4.3832122018018116e-05,0.000668820133464652,-0.0006249880114466338,其他,mean
distance_to_board_order_gradient_5m|mean,3423.3743076324463,2223.837392807007,0.0015092110304194943,0.002134630027604086,-0.0006254189971845916,涨跌停/封板,mean
survival_under_adverse_5m|std,1379.0699977874756,1285.1913013458252,0.0006079696420403548,0.0012336369340410912,-0.0006256672920007364,其他,std
exploratory_spread_width_5m|std,857.1473999023438,1050.7573051452637,0.00037787755424344816,0.0010086070602744303,-0.0006307295060309821,流动性/枯竭,std
tolerance_escalation_dose_slope_5m|std,506.3794994354248,894.6188020706177,0.00022323983808091892,0.0008587319218284527,-0.0006354920837475337,其他,std
quote_lead_trade_score_5m|std,454.73270416259766,882.0414028167725,0.00020047109995672755,0.0008466590543592469,-0.0006461879544025194,其他,std
phantom_wall_repulsion_5m|mean,2199.4809913635254,1688.350700378418,0.0009696517748477056,0.0016206239331217726,-0.000650972158274067,其他,mean
order_size_bimodality_5m|std,459.8135986328125,897.4155960083008,0.0002027110367237207,0.0008614165247313942,-0.0006587054880076735,大单/分单,std
single_order_footprint_regret_5m|mean,182.08189964294434,773.1972007751465,8.027168129649092e-05,0.0007421810458680819,-0.0006619093645715909,情绪/行为偏差,mean
flight_to_safety_flow_beta_asym_5m|std,961.9738054275513,1136.1268863677979,0.0004240907793486171,0.0010905521126020141,-0.000666461333253397,其他,std
cancel_timed_adverse_avoidance_5m|lh,290.21179962158203,836.0531120300293,0.00012794126782171577,0.0008025155451489538,-0.000674574277327238,撤单/犹豫,lh
vulnerable_fraction_5m|lh,570.7647953033447,966.4002056121826,0.00025162440546639114,0.0009276338747855359,-0.0006760094693191447,其他,lh
pre_move_liquidity_evaporation_lead_5m|mean,274.7341003417969,830.7592000961304,0.00012111784964436711,0.0007974339940363842,-0.0006763161443920171,流动性/枯竭,mean
double_down_to_save_face_5m|std,908.1273021697998,1128.5263948440552,0.0004003522893783749,0.0010832565083983936,-0.0006829042190200187,情绪/行为偏差,std
vol_ratio_5m|lh,294.85440254211426,847.2327966690063,0.00012998798165078892,0.000813246766148607,-0.0006832587844978181,其他,lh
slam_absorb_cycle_count_5m|lh,1550.2297077178955,1438.8583889007568,0.0006834262234648495,0.0013811397957207313,-0.0006977135722558818,其他,lh
first_responder_counterflow_5m|mean,377.2221965789795,902.3803987503052,0.00016630021985232206,0.00086618216859029,-0.0006998819487379679,其他,mean
near_miss_retry_surge_5m|mean,122.70050048828125,785.9660015106201,5.409310584648716e-05,0.0007544376369095837,-0.0007003445310630966,其他,mean
support_defense_count_5m|mean,2807.944098472595,2025.1465969085693,0.0012378956624076985,0.001943909545744571,-0.0007060138833368725,其他,mean
queue_growth_attracts_joiners_5m|mean,281.26460456848145,871.5267972946167,0.00012399685384532162,0.0008365662333874425,-0.0007125693795421209,队列/排队,mean
chain_migration_arrival_acceleration_5m|std,621.4405918121338,1033.932502746582,0.00027396507411481914,0.0009924571706624934,-0.0007184920965476743,侵略性/主动,std
tit_for_tat_retaliation_5m|mean,1019.6144924163818,1217.1567935943604,0.0004495019534672495,0.00116833157330326,-0.0007188296198360105,其他,mean
l1_replenish_amt_5m|std,597.4325084686279,1024.5077104568481,0.00026338099509066245,0.0009834104459825908,-0.0007200294508919284,其他,std
cancel_vs_trend_asym_5m|std,509.1260013580322,984.4146966934204,0.00022445064666455115,0.0009449257297198923,-0.0007204750830553411,撤单/犹豫,std
quote_lead_trade_score_5m|mean,1094.5791053771973,1257.8409957885742,0.0004825504636810902,0.0012073837629704483,-0.0007248332992893581,其他,mean
support_buildup_5m|std,734.7291984558105,1112.3545970916748,0.00032390890128741273,0.001067733428701007,-0.0007438245274135943,其他,std
queue_sunk_cost_age_cancel_5m|mean,1158.4816989898682,1315.3003091812134,0.0005107222294554719,0.0012625381443699905,-0.0007518159149145186,撤单/犹豫,mean
new_high_landmark_echo_5m|mean,724.27099609375,1130.3714065551758,0.0003192983524707113,0.0010850275090176734,-0.0007657291565469622,其他,mean
cancel_resize_split_intensity_5m|mean,1180.1522979736328,1343.1969995498657,0.0005202758172560165,0.0012893157824852188,-0.0007690399652292023,撤单/犹豫,mean
schelling_anchor_convergence_5m|std,424.9598960876465,1002.5662021636963,0.00018734561430559693,0.0009623491028263959,-0.0007750034885207989,情绪/行为偏差,std
trade_price_reveal_5m|std,642.0061950683594,1103.1991939544678,0.0002830315192336972,0.0010589452868545231,-0.0007759137676208259,其他,std
spiteful_breakout_suppression_5m|lh,538.6664028167725,1058.6784019470215,0.00023747367474101752,0.0010162104089451928,-0.0007787367342041754,其他,lh
reality_detach_flow_divergence_5m|lh,314.26849937438965,968.1395044326782,0.00013854677962376477,0.0009293034030978195,-0.0007907566234740547,其他,lh
intraframe_vol_leakage_5m|lh,98.3065013885498,869.5170040130615,4.3338894004890703e-05,0.0008346370612717288,-0.0007912981672668381,其他,lh
rejection_cascade_sell_followthrough_5m|std,5905.918483734131,3538.9723052978516,0.0026036525718317414,0.003397009410032727,-0.0007933568382009855,其他,std
flight_return_hysteresis_5m|lh,91.81750106811523,882.9206037521362,4.047818700064601e-05,0.0008475029868891142,-0.0008070247998884682,其他,lh
range_pressure_asym_5m|mean,347.5573043823242,1001.5143880844116,0.00015322230943522837,0.0009613394813835871,-0.0008081171719483588,其他,mean
reality_detach_flow_divergence_5m|std,310.9070053100586,993.3144092559814,0.00013706484879625713,0.0009534684378039167,-0.0008164035890076595,其他,std
child_size_quantization_5m|std,3415.051446914673,2420.3310956954956,0.001505541857237963,0.002323241550990447,-0.0008176996937524841,大单/分单,std
order_lifetime_tail_5m|std,577.8115978240967,1125.9491062164307,0.0002547310222537508,0.0010807826055347558,-0.000826051583281005,大单/分单,std
cancel_submit_ratio_sell_5m|lh,372.1827964782715,1033.004298210144,0.0001640785760777196,0.0009915662002697625,-0.0008274876241920429,撤单/犹豫,lh
aggr_penetration_depth_5m|mean,402.2123966217041,1075.4290008544922,0.00017731726974744532,0.0010322890716765116,-0.0008549718019290663,流动性/枯竭,mean
unraveling_cascade_chain_5m|mean,466.48170280456543,1150.2678146362305,0.00020565070252233318,0.0011041257894354134,-0.0008984750869130802,其他,mean
overpay_regret_mag_5m|lh,965.7640972137451,1390.3934020996094,0.0004257617477143838,0.0013346189410720103,-0.0009088571933576265,情绪/行为偏差,lh
passive_fill_adverse_markout_5m|mean,1118.1106052398682,1470.7456073760986,0.0004929244385852889,0.0014117478852664867,-0.0009188234466811978,其他,mean
vulnerable_fraction_5m|mean,6012.490966796875,3744.8910970687866,0.0026506355636182056,0.0035946679427941363,-0.0009440323791759307,其他,mean
cancel_submit_ratio_buy_5m|lh,2282.889280319214,2039.6826066970825,0.0010064227202391252,0.001957862455735414,-0.000951439735496289,撤单/犹豫,lh
panic_euphoria_reaction_asym_5m|mean,835.4976978302002,1385.0286903381348,0.00036833317894690876,0.0013294694302073559,-0.0009611362512604471,其他,mean
best_queue_survival_halflife_diff_5m|mean,1104.9496059417725,1551.154806137085,0.0004871223487385126,0.0014889315366998011,-0.0010018091879612885,队列/排队,mean
stealth_split_burst_5m|lh,275.7058982849121,1184.3971920013428,0.0001215462714420708,0.001136886095554307,-0.0010153398241122362,其他,lh
dist_into_strength_5m|std,4954.998083114624,3360.3131971359253,0.0021844347391611427,0.0032255170616168954,-0.0010410823224557527,其他,std
distance_to_board_order_gradient_5m|lh,3647.891103744507,2769.204809188843,0.0016081903399420645,0.0026581204891148917,-0.0010499301491728272,涨跌停/封板,lh
exit_crush_5m|lh,442.9820957183838,1308.341293334961,0.00019529078770205835,0.0012558582835869893,-0.0010605674958849309,其他,lh
buy_reach_escalation_5m|std,604.1708011627197,1392.6707124710083,0.0002663516038369644,0.0013368048990546786,-0.0010704532952177143,其他,std
auction_fever_price_acceleration_5m|std,193.18040084838867,1210.904489517212,8.516450893822334e-05,0.0011623300751415861,-0.0010771655662033628,其他,std
spiteful_breakout_suppression_5m|mean,710.4437065124512,1448.7230968475342,0.0003132025253476372,0.0013906087892113731,-0.001077406263863736,其他,mean
cancel_driven_vol_fraction_5m|mean,665.9748001098633,1467.2674016952515,0.0002935981940585203,0.0014084092048789122,-0.001114811010820392,撤单/犹豫,mean
stealth_accum_5m|lh,702.9617042541504,1492.31849193573,0.0003099040486626087,0.0014324553917199597,-0.001122551343057351,其他,lh
vol_ratio_5m|mean,400.53760147094727,1370.8028926849365,0.0001765789282492399,0.001315814288453126,-0.001139235360203886,其他,mean
propping_score_5m|std,2706.0670833587646,2430.760004043579,0.0011929826902523572,0.0023332521124581856,-0.0011402694222058284,其他,std
bloodless_displacement_5m|lh,718.4838047027588,1520.6389045715332,0.00031674704130880884,0.0014596397548402402,-0.0011428927135314314,其他,lh
rival_crossing_count_5m|std,803.9693031311035,1572.1050939559937,0.0003544337344879113,0.0015090414213567644,-0.0011546076868688532,其他,std
l1_quote_flicker_replenish_5m|lh,3002.179796218872,2590.6169872283936,0.0013235254040594787,0.0024866965673145665,-0.0011631711632550878,其他,lh
near_uplimit_buy_press_5m|std,10972.054697036743,6261.548320770264,0.004837083090275901,0.00601037158024355,-0.0011732884899676487,涨跌停/封板,std
double_confirmation_lag_chase_5m|mean,307.98820304870605,1396.5783824920654,0.00013577808077950085,0.0013405558161819367,-0.0012047777354024358,其他,mean
outhead_target_sell_5m|mean,573.9321956634521,1543.6346035003662,0.00025302076915077444,0.0014817130006620808,-0.0012286922315113064,其他,mean
deadline_concession_lift_5m|mean,848.2010974884033,1671.6036939620972,0.0003739335337913215,0.0016045487187718451,-0.0012306151849805235,其他,mean
frictionless_compulsive_reentry_5m|std,332.4710998535156,1438.7657012939453,0.00014657148360199115,0.0013810508261992516,-0.0012344793425972604,其他,std
l1_cancel_churn_5m|lh,4569.176593780518,3394.320505142212,0.002014343479733946,0.0032581601950865463,-0.0012438167153526,撤单/犹豫,lh
deindividuation_5m|std,1968.610216140747,2271.2099952697754,0.0008678712830706649,0.002180102317992699,-0.0013122310349220343,情绪/行为偏差,std
draft_behind_large_order_5m|std,1734.7547969818115,2164.184799194336,0.0007647749966578228,0.002077370347574449,-0.0013125953509166262,其他,std
deindividuation_5m|mean,1097.1301040649414,1874.502389907837,0.0004836750837232356,0.0017993083043100647,-0.001315633220586829,情绪/行为偏差,mean
supply_withdrawal_under_demand_5m|mean,308.1957015991211,1539.2086954116821,0.0001358695575135478,0.0014774646341510764,-0.0013415950766375287,撤单/犹豫,mean
near_uplimit_buy_press_5m|mean,13359.363609313965,7558.096109390259,0.005889539707536458,0.007254909445630591,-0.0013653697380941326,涨跌停/封板,mean
realized_vol_5m|std,15744.100719451904,8699.934790611267,0.006940862533453193,0.008350944229242912,-0.001410081695789719,其他,std
liq_percolation_5m|lh,325.314998626709,1695.7511177062988,0.0001434166819543255,0.0016277274889374953,-0.00148431080698317,其他,lh
dist_into_strength_5m|mean,4464.776082992554,3603.4264812469482,0.001968318012372303,0.0034588780609648676,-0.0014905600485925646,其他,mean
stealth_accum_5m|mean,1149.0587005615234,2086.4817152023315,0.0005065680552724218,0.0020027842573939023,-0.0014962162021214804,其他,mean
sniper_liquidity_pounce_5m|lh,599.5632057189941,1835.0435886383057,0.00026432032322243223,0.0017614323596408883,-0.001497112036418456,流动性/枯竭,lh
averaging_down_staircase_buy_5m|lh,2041.6540927886963,2555.588066101074,0.0009000730274419735,0.0024530728018743383,-0.0015529997744323648,其他,lh
sniper_liquidity_pounce_5m|mean,713.0685997009277,2009.0421018600464,0.0003143597221358732,0.0019284510689597254,-0.0016140913468238522,流动性/枯竭,mean
support_defense_count_5m|std,3003.4937858581543,3071.7187852859497,0.0013241046827124265,0.0029484993716876384,-0.0016243946889752119,其他,std
sticker_anchor_entry_gate_5m|mean,7111.0260009765625,4986.364900588989,0.0031349300175404333,0.004786341069637752,-0.0016514110520973184,情绪/行为偏差,mean
interarrival_tail_dispersion_5m|std,702.9148025512695,2044.4166116714478,0.00030988337182129007,0.0019624065600848564,-0.0016525231882635663,侵略性/主动,std
size_assortative_matching_5m|mean,329.24119758605957,1924.998794555664,0.00014514756565111046,0.001847779088188395,-0.0017026315225372847,大单/分单,mean
sticker_anchor_entry_gate_5m|lh,7883.720413208008,5397.148285865784,0.0034755760659387178,0.005180646225171577,-0.0017050701592328595,情绪/行为偏差,lh
propping_score_5m|lh,6520.8612995147705,4785.975493431091,0.0028747530701278825,0.004593990114879725,-0.0017192370447518422,其他,lh
round_number_size_at_price_anchor_5m|std,278.8603973388672,1933.3390970230103,0.00012293694752357978,0.0018557848264423172,-0.0017328478789187375,情绪/行为偏差,std
intraframe_vol_leakage_5m|mean,385.6860980987549,2036.6756982803345,0.00017003157154984167,0.0019549761669188813,-0.0017849445953690396,其他,mean
propping_score_5m|mean,2800.2036209106445,3166.523998260498,0.0012344832356417544,0.0030395015533414994,-0.001805018317699745,其他,mean
tail_gamble_skew_5m|std,1264.4380989074707,2512.748957633972,0.0005574336180239561,0.002411952148185609,-0.0018545185301616527,大单/分单,std
bloodless_displacement_5m|std,641.9208011627197,2236.3048000335693,0.00028299387291963956,0.0021465973152836027,-0.001863603442363963,其他,std
low_anchor_buy_5m|lh,398.78500175476074,2219.6382780075073,0.0001758062862341142,0.0021305993567603625,-0.0019547930705262483,情绪/行为偏差,lh
l1_cancel_churn_5m|mean,8369.233921051025,6026.174906730652,0.0036896170312578436,0.005784439972593741,-0.0020948229413358978,撤单/犹豫,mean
cancel_arrival_clustering_5m|std,4533.379312515259,4270.506806373596,0.001998562076098326,0.004099199020332249,-0.002100636944233923,侵略性/主动,std
new_high_landmark_echo_5m|std,1165.2516975402832,2733.4545249938965,0.0005137068158810434,0.0026238042974793215,-0.002110097481598278,其他,std
commitment_ratchet_lockin_5m|mean,1234.5279960632324,2805.7100830078125,0.0005442476053133786,0.002693161384601194,-0.0021489137792878154,其他,mean
rival_crossing_count_5m|mean,821.1527919769287,2651.67679977417,0.0003620091582005303,0.002545307016874267,-0.0021832978586737366,其他,mean
liquidity_vacuum_jump_share_5m|mean,1009.213701248169,2805.3890018463135,0.0004449167146515115,0.002692853183340234,-0.0022479364686887222,流动性/枯竭,mean
monotone_tick_cascade_5m|mean,462.51250648498535,2571.53950214386,0.00020390086323246787,0.0024683843594866316,-0.0022644834962541635,其他,mean
dist_into_strength_5m|lh,7229.340406417847,5761.792973518372,0.0031870894922877333,0.0055306634981013335,-0.0023435740058136,其他,lh
queue_jump_abandonment_5m|std,10586.385873794556,7413.858374595642,0.004667059134429671,0.007116457686161996,-0.002449398551732325,撤单/犹豫,std
queue_jump_abandonment_5m|lh,9942.225408554077,7169.084692001343,0.00438307789482826,0.0068815028938183425,-0.0024984249989900825,撤单/犹豫,lh
stealth_split_burst_5m|mean,485.3252010345459,2869.936738014221,0.0002139579493568298,0.002754811641401758,-0.002540853692044928,其他,mean
slam_absorb_cycle_count_5m|mean,1509.9508113861084,3351.8852396011353,0.0006656690782699679,0.00321742718450478,-0.002551758106234812,其他,mean
queue_jump_abandonment_5m|mean,12834.37947845459,8610.533906936646,0.0056580979282014636,0.008265129586767948,-0.0026070316585664844,撤单/犹豫,mean
l1_quote_flicker_confirmed_5m|lh,3149.1395931243896,4228.779803276062,0.001388313337422046,0.004059145860842249,-0.002670832523420203,其他,lh
size_price_position_coupling_5m|mean,3112.007802963257,4242.291108131409,0.0013719436091205095,0.004072115171075823,-0.0027001715619553134,队列/排队,mean
exit_crush_5m|mean,1066.4881057739258,3417.9276361465454,0.0004701664113844289,0.0032808203459008226,-0.0028106539345163937,其他,mean
conspicuous_overpay_when_cheap_5m|std,1229.4715995788574,3509.289179801941,0.0005420184686012816,0.0033685169981317233,-0.002826498529530442,情绪/行为偏差,std
order_size_bimodality_5m|mean,3313.029016494751,4635.323612213135,0.0014605647780454637,0.004449381507072758,-0.0029888167290272947,大单/分单,mean
level_propagation_speed_5m|mean,58044.468757629395,29824.239755630493,0.025589183253652965,0.02862786548097106,-0.003038682227318096,其他,mean
best_queue_survival_halflife_mean_5m|mean,700.4872016906738,3511.4396114349365,0.00030881315230480355,0.003370581167009785,-0.0030617680147049815,队列/排队,mean
cancel_arrival_clustering_5m|mean,3398.215898513794,4761.757013320923,0.0014981198247441395,0.00457074313871442,-0.0030726233139702804,侵略性/主动,mean
conspicuous_overpay_when_cheap_5m|mean,1170.3084926605225,3759.833959579468,0.0005159361283336787,0.0036090113849526467,-0.003093075256618968,情绪/行为偏差,mean
trust_ladder_ratcheting_5m|mean,359.55039978027344,3398.7382802963257,0.0001585095232298473,0.0032624007549088055,-0.0031038912316789583,其他,mean
cancel_arrival_clustering_5m|lh,1350.7738971710205,4163.316113471985,0.0005954951699754674,0.00399630819185371,-0.003400813021878242,侵略性/主动,lh
support_defense_count_5m|lh,6337.831787109375,6518.293694496155,0.0027940636291869177,0.006256817829405654,-0.0034627542002187363,其他,lh
order_lifetime_tail_5m|lh,2715.3790893554688,4854.647908210754,0.0011970879328880297,0.004659907793542245,-0.0034628198606542157,大单/分单,lh
coverage,1810.3570384979248,4498.608037948608,0.0007981046084873473,0.0043181501629960106,-0.0035200455545086632,其他,coverage
trade_size_tail_5m|lh,3154.259906768799,5149.186411857605,0.0013905706523215944,0.004942631133029103,-0.0035520604807075086,大单/分单,lh
book_hesitation_5m|mean,1453.3928871154785,4371.136287689209,0.0006407352453038915,0.004195791834704974,-0.0035550565894010826,撤单/犹豫,mean
near_uplimit_buy_press_5m|lh,15993.59227180481,11337.69826221466,0.007050852084396541,0.01088289603939509,-0.0038320439549985484,涨跌停/封板,lh
small_order_arrival_share_5m|std,647.9207038879395,4354.560005187988,0.0002856389588964073,0.004179880495823991,-0.0038942415369275837,侵略性/主动,std
cancel_submit_ratio_buy_5m|mean,927.8180923461914,4494.247404098511,0.0004090330689430373,0.004313964452302453,-0.0039049313833594158,撤单/犹豫,mean
vol_ratio_5m|std,489.11740493774414,4545.123534202576,0.0002156297606885754,0.00436279972926996,-0.004147169968581384,其他,std
survival_under_adverse_5m|mean,2636.9476928710938,5885.373388290405,0.0011625110744821238,0.0056492865885527325,-0.004486775514070609,其他,mean
single_order_footprint_regret_5m|std,1239.2674961090088,5471.001175880432,0.0005463370367062041,0.005251536568665452,-0.004705199531959248,情绪/行为偏差,std
small_order_arrival_share_5m|mean,3859.577796936035,7036.5007247924805,0.0017015134368775643,0.006754237420857804,-0.00505272398398024,侵略性/主动,mean
book_column_collapse_sync_5m|lh,734.5738010406494,5775.659931182861,0.0003238403935894561,0.005543974194430965,-0.0052201338008415095,羊群/同步,lh
trade_size_tail_5m|mean,12375.39726448059,14541.923160552979,0.005455753411403655,0.01395858615294073,-0.008502832741537075,大单/分单,mean
support_buildup_5m|lh,1839.8983554840088,10053.694482803345,0.000811128040178447,0.009650398990845644,-0.008839270950667198,其他,lh
buy_sell_order_size_asym_5m|mean,3319.007709503174,11072.228180885315,0.0014632005136165599,0.010628075066931435,-0.009164874553314875,大单/分单,mean
drip_surcharge_neglect_5m|mean,1112.1300010681152,13158.824396133423,0.0004902878604686457,0.012630969231298151,-0.012140681370829506,其他,mean
book_column_collapse_sync_5m|mean,480.4657974243164,17098.67760372162,0.0002118156579008626,0.01641277854364831,-0.016200962885747447,羊群/同步,mean
bilateral_liquidity_flight_5m|mean,162.9442024230957,18250.520267486572,7.183473542217343e-05,0.017518416008465203,-0.01744658127304303,流动性/枯竭,mean
realized_vol_5m|lh,2644.187707901001,27320.22903060913,0.0011657028699335232,0.0262243010385518,-0.025058598168618277,其他,lh
auction_fever_price_acceleration_5m|mean,3170.952856063843,29194.815830230713,0.001397929819313689,0.028023690366550988,-0.0266257605472373,其他,mean
realized_vol_5m|mean,42293.19708061218,134447.69961547852,0.018645159369063816,0.12905444331037083,-0.11040928394130702,其他,mean
