feat,gain_down,gain_up,share_down,share_up,下尾偏好,family,agg
corr_length_5m|mean,220180.87273597717,1061.2138948440552,0.14548461586231756,0.0012152924123674245,0.14426932344995014,其他,mean
level_propagation_speed_5m|std,100391.09060382843,675.4744987487793,0.0663334606272119,0.0007735471963432137,0.06555991343086869,其他,std
flow_market_beta_residual_5m|std,74639.91204738617,2421.2227993011475,0.04931835720913105,0.0027727621273504885,0.046545595081780564,其他,std
relative_flow_strength_zscore_5m|std,70479.7543334961,2419.2153186798096,0.04656953103085667,0.0027704631789679432,0.04379906785188872,其他,std
slam_absorption_5m|mean,30493.176838874817,894.840202331543,0.020148381027379498,0.0010247627867091408,0.019123618240670357,其他,mean
attn_sync_swarm_5m|mean,20347.711678504944,523.6017971038818,0.013444760121258165,0.0005996239723338748,0.01284513614892429,羊群/同步,mean
overpay_regret_mag_5m|std,19781.701075553894,984.1379070281982,0.013070768347490084,0.001127025698537693,0.01194374264895239,情绪/行为偏差,std
corr_length_5m|lh,16093.777746200562,576.0902948379517,0.010633971262286325,0.0006597333181902571,0.009974237944096069,其他,lh
slam_absorb_cycle_count_5m|std,15798.717042922974,948.1324996948242,0.010439009762956274,0.0010857926365234816,0.009353217126432792,其他,std
level_propagation_speed_5m|mean,37528.34456062317,14159.073882102966,0.0247968714289633,0.01621484145531107,0.00858202997365223,其他,mean
exit_crush_5m|std,13620.251494407654,1268.536509513855,0.00899958762080188,0.0014527163678438161,0.007546871252958064,其他,std
level_propagation_speed_5m|lh,10877.778405189514,551.4884958267212,0.0071874972292078855,0.0006315595637622393,0.006555937665445646,其他,lh
sell_wall_fill_rate_5m|lh,10267.739042282104,421.8070011138916,0.006784413431461744,0.00048304950625669985,0.0063013639252050445,其他,lh
attn_sync_swarm_5m|lh,11773.879741668701,1525.5107984542847,0.0077795966113722555,0.0017470009649831239,0.006032595646389131,羊群/同步,lh
disposition_effect_proxy_5m|lh,13194.68270778656,2777.4103984832764,0.008718392843638815,0.0031806648967813594,0.005537727946857456,情绪/行为偏差,lh
order_price_range_skew_5m|mean,14075.832466125488,3560.1159076690674,0.009300612963471077,0.004077012062091943,0.005223600901379134,其他,mean
sell_wall_fill_rate_5m|mean,8819.461226463318,541.574296951294,0.005827463179252647,0.000620205914204363,0.005207257265048284,其他,mean
book_column_collapse_sync_5m|std,7212.399109840393,724.8734998703003,0.004765596125141519,0.000830118479034849,0.00393547764610667,羊群/同步,std
order_price_range_skew_5m|std,8302.060153961182,1486.6656064987183,0.00548559017573346,0.0017025158076836209,0.0037830743680498393,其他,std
support_buildup_5m|mean,8634.751928329468,1716.1576232910156,0.005705416423095837,0.0019653279589960204,0.0037400884640998162,其他,mean
order_price_range_pos_mean_5m|lh,7618.926213264465,1271.8884954452515,0.005034209101120553,0.0014565550313673343,0.0035776540697532193,其他,lh
impact_perm_side_asym_5m|std,6249.073517799377,645.3970975875854,0.004129078284300357,0.0007391028325890984,0.0033899754517112586,侵略性/主动,std
reality_detach_flow_divergence_5m|mean,7198.208626747131,1245.0549001693726,0.004756219756721909,0.00142582544434086,0.003330394312381049,其他,mean
corr_length_5m|std,7876.113845825195,1715.0017137527466,0.0052041459510507645,0.001964004222001936,0.0032401417290488285,其他,std
trade_size_tail_5m|std,9225.02243900299,2751.6194953918457,0.0060954379423727,0.0031511293912745027,0.0029443085510981975,大单/分单,std
dominant_actor_share_5m|mean,4620.255781173706,330.4430961608887,0.003052836193976427,0.0003784204008585281,0.002674415793117899,其他,mean
sunk_wait_hazard_slope_5m|mean,7392.583029747009,1988.201418876648,0.00488465273549302,0.0022768700168348285,0.002607782718658192,其他,mean
open_anchor_sell_pressure_5m|lh,5082.801507949829,657.176700592041,0.0033584635018465044,0.0007525927258345305,0.002605870776011974,情绪/行为偏差,lh
relative_flow_strength_zscore_5m|lh,5830.219289779663,1460.97119140625,0.0038523201549108617,0.0016730907993475921,0.0021792293555632693,其他,lh
humble_buildup_vs_display_5m|lh,7158.642805099487,2321.9547023773193,0.004730076621343447,0.0026590812138533935,0.0020709954074900534,情绪/行为偏差,lh
order_price_range_pos_mean_5m|mean,11128.312106132507,4787.040238380432,0.007353037490672661,0.005482074544695052,0.001870962945977609,其他,mean
phantom_wall_repulsion_5m|lh,6591.782890319824,2187.0534992218018,0.004355523664382668,0.002504593594146691,0.001850930070235977,其他,lh
small_order_arrival_share_5m|lh,3938.4435815811157,763.641001701355,0.0026023284604235943,0.0008745146663168147,0.0017278137941067796,侵略性/主动,lh
downlimit_buy_support_5m|lh,10789.109725952148,4843.463916778564,0.0071289093574387705,0.005546690423330137,0.0015822189341086331,涨跌停/封板,lh
downlimit_buy_support_5m|std,7275.989101409912,2919.944311141968,0.004807613242165453,0.0033438934253567447,0.0014637198168087084,涨跌停/封板,std
red_queen_queue_arms_race_5m|mean,3213.117162704468,645.7403984069824,0.002123068685885435,0.0007394959775365965,0.0013835727083488384,队列/排队,mean
di_persistence_5m|std,3146.6747665405273,650.9989948272705,0.002079166841175818,0.0007455180738927866,0.0013336487672830316,其他,std
exploratory_spread_width_5m|lh,4249.458915710449,1301.807804107666,0.002807831989639568,0.0014908183490428483,0.0013170136405967197,流动性/枯竭,lh
passive_buy_depth_dist_5m|std,3462.9120922088623,861.5287981033325,0.002288120803772528,0.0009866148723249278,0.0013015059314476001,流动性/枯竭,std
passive_buy_poison_asym_5m|std,2283.7294206619263,276.58220291137695,0.0015089752954920719,0.00031673940025394947,0.0011922358952381224,其他,std
downlimit_buy_support_5m|mean,7219.326510429382,3131.59579372406,0.004770173408359131,0.0035862747606351815,0.0011838986477239496,涨跌停/封板,mean
disposition_effect_proxy_5m|std,2898.442808151245,646.197998046875,0.0019151474571927217,0.0007400200164442714,0.0011751274407484503,情绪/行为偏差,std
soc_avalanche_5m|mean,2518.817207336426,456.43130111694336,0.0016643096617940613,0.0005227009368322726,0.0011416087249617886,其他,mean
order_footprint_persistence_5m|std,3365.543821334839,950.3807878494263,0.0022237846727123536,0.0010883673554829474,0.0011354173172294063,其他,std
child_size_quantization_5m|mean,5965.966576576233,2452.632899284363,0.003942015238904976,0.0028087326855638383,0.0011332825533411374,大单/分单,mean
disposition_effect_proxy_5m|mean,2713.4609050750732,595.8807010650635,0.0017929205771912602,0.0006823971097617125,0.0011105234674295477,情绪/行为偏差,mean
perishable_opportunity_urgency_5m|std,2612.8104963302612,549.0309982299805,0.0017264157719796694,0.0006287452600697975,0.001097670511909872,其他,std
order_lifetime_tail_5m|mean,7364.693644523621,3355.318392753601,0.004866224811007834,0.0038424798276784043,0.00102374498332943,大单/分单,mean
humble_buildup_vs_display_5m|mean,4525.952899932861,1720.9025917053223,0.002990525520567091,0.0019707618532739286,0.0010197636672931625,情绪/行为偏差,mean
red_queen_queue_arms_race_5m|std,2721.3780431747437,690.5166959762573,0.0017981518299374543,0.0007907733825481867,0.0010073784473892675,队列/排队,std
passive_buy_poison_asym_5m|lh,2983.0189237594604,852.688907623291,0.001971031165607043,0.0009764915108812556,0.0009945396547257875,其他,lh
humble_buildup_vs_display_5m|std,2929.9654989242554,838.3562984466553,0.0019359760900393053,0.0009600779383993831,0.0009758981516399222,情绪/行为偏差,std
downlimit_capitulation_vs_defense_5m|mean,2461.3319816589355,575.8124008178711,0.0016263262717224052,0.0006594150765090211,0.0009669111952133841,涨跌停/封板,mean
sacrificial_dump_capitulation_5m|mean,2127.7972955703735,395.66149711608887,0.0014059430700419425,0.0004531079150464556,0.0009528351549954869,其他,mean
exploratory_spread_width_5m|mean,12470.523058891296,6367.413291931152,0.008239904012918036,0.007291903260679176,0.0009480007522388598,流动性/枯竭,mean
overpay_regret_mag_5m|mean,2979.820008277893,908.5950002670288,0.00196891748068869,0.0010405146550609018,0.0009284028256277882,情绪/行为偏差,mean
lemon_sell_into_strength_5m|mean,1748.1601123809814,253.4237003326416,0.001155097621583802,0.0002902184956535962,0.0008648791259302058,其他,mean
di_persistence_5m|mean,1895.6628093719482,345.7436990737915,0.0012525600984271876,0.0003959425108827567,0.0008566175875444309,其他,mean
passive_buy_depth_dist_5m|mean,2674.711901664734,806.1676006317139,0.0017673171548496622,0.0009232157370952486,0.0008441014177544136,流动性/枯竭,mean
l1_replenish_amt_5m|lh,2480.354597091675,751.8307952880859,0.0016388954738721633,0.0008609897263284931,0.0007779057475436703,其他,lh
liq_percolation_5m|mean,2746.9051990509033,911.8921041488647,0.001815018910263518,0.0010442904681649803,0.0007707284420985377,其他,mean
fill_frag_5m|mean,2357.6221113204956,696.275595664978,0.0015577999258149147,0.0007973684216155143,0.0007604315041994003,其他,mean
queue_position_at_fill_skew_5m|std,2224.460310935974,679.0410003662109,0.0014698132031911598,0.0007776315212615166,0.0006921816819296432,队列/排队,std
impact_perm_side_asym_5m|lh,3971.4780139923096,1695.9670944213867,0.0026241559772730494,0.0019422059506467504,0.000681950026626299,侵略性/主动,lh
size_distribution_regime_shift_5m|mean,1951.127305984497,566.8926019668579,0.0012892082908128606,0.0006492002047323253,0.0006400080860805352,大单/分单,mean
fluct_dissip_5m|std,1841.4936933517456,589.573902130127,0.0012167678293809546,0.0006751746215063343,0.0005415932078746203,其他,std
interarrival_tail_dispersion_5m|mean,2771.2731971740723,1138.9666996002197,0.0018311200765557146,0.0013043342107452512,0.0005267858658104634,侵略性/主动,mean
dominant_actor_share_5m|lh,1646.5874004364014,492.7870035171509,0.0010879834040964783,0.0005643351535419521,0.0005236482505545263,其他,lh
distance_to_board_order_gradient_5m|mean,4022.295118331909,1864.9429054260254,0.0026577334030149628,0.0021357154985195154,0.0005220179044954473,涨跌停/封板,mean
phantom_wall_repulsion_5m|std,2760.2265272140503,1136.9497957229614,0.0018238209841517222,0.0013020244709365141,0.0005217965132152081,其他,std
order_price_range_skew_5m|lh,1647.3184928894043,510.86630058288574,0.0010884664737807943,0.0005850393986066597,0.0005034270751741346,其他,lh
cancel_timed_adverse_avoidance_5m|mean,2271.282796859741,903.1844034194946,0.0015007511829243328,0.0010343184892105163,0.00046643269371381656,撤单/犹豫,mean
slam_absorb_cycle_count_5m|lh,1613.959701538086,541.5424957275391,0.0010664246366081471,0.0006201694957347962,0.00044625514087335096,其他,lh
child_size_quantization_5m|std,2867.5635166168213,1268.1206970214844,0.0018947439506975267,0.0014522401831939535,0.0004425037675035732,大单/分单,std
queue_position_adverse_fill_5m|mean,1772.9707984924316,672.8795013427734,0.0011714912941737602,0.0007705754291311989,0.0004009158650425613,队列/排队,mean
frame_break_withdrawal_5m|mean,2135.2367973327637,881.9306993484497,0.001410858724352234,0.001009978942378594,0.0004008797819736402,撤单/犹豫,mean
iceberg_reload_rate_5m|std,3832.004508972168,1869.0019083023071,0.0025319987928242534,0.0021403638313591904,0.000391634961465063,其他,std
cancel_timed_adverse_avoidance_5m|std,1856.3034114837646,734.5894975662231,0.001226553357645481,0.0008412451504210822,0.0003853082072243988,撤单/犹豫,std
size_markout_slope_5m|std,1463.6989994049072,545.3020057678223,0.0009671398065618012,0.0006244748521274833,0.00034266495443431783,大单/分单,std
feint_cross_side_divergence_5m|std,938.2397003173828,243.29739665985107,0.000619942326012711,0.0002786219456285146,0.0003413203803841964,其他,std
size_distribution_regime_shift_5m|lh,1097.7146949768066,336.5955991744995,0.0007253155042064969,0.00038546619084095925,0.00033984931336553765,大单/分单,lh
sticker_anchor_entry_gate_5m|lh,6718.04780960083,3579.5553121566772,0.004438953269553281,0.004099273889692877,0.00033967937986040427,情绪/行为偏差,lh
child_size_quantization_5m|lh,4046.1440811157227,2040.4116878509521,0.0026734916164610433,0.0023366607376691596,0.00033683087879188365,大单/分单,lh
liq_percolation_5m|std,1571.771806716919,614.6400995254517,0.0010385489651393673,0.0007038802007014868,0.0003346687644378805,其他,std
size_ladder_geometry_5m|lh,1295.1571025848389,459.7132987976074,0.0008557756684743993,0.0005264594504534165,0.00032931621802098285,大单/分单,lh
vulnerable_fraction_5m|lh,1249.244701385498,446.9070987701416,0.0008254390276535944,0.0005117939077195214,0.00031364511993407307,其他,lh
rejection_cascade_sell_followthrough_5m|std,6829.161199569702,3687.7406873703003,0.004512371494560343,0.004223166788443095,0.0002892047061172475,其他,std
burst_homog_5m|mean,2099.7662954330444,971.3917074203491,0.0013874215734353504,0.0011124288677336485,0.0002749927057017019,其他,mean
burst_homog_5m|lh,1063.787208557129,381.7278995513916,0.0007028979014982928,0.0004371512870003762,0.00026574661449791655,其他,lh
soc_avalanche_5m|lh,952.0773983001709,318.6278009414673,0.0006290855915036183,0.0003648896332161067,0.00026419595828751157,其他,lh
loud_tape_quiet_book_divergence_5m|std,811.7262964248657,254.28759860992432,0.0005363485345174445,0.0002912078240317299,0.0002451407104857146,其他,std
schelling_anchor_convergence_5m|mean,932.6094999313354,331.2610969543457,0.0006162221684431015,0.00037935716785943976,0.00023686500058366176,情绪/行为偏差,mean
group_polarization_drift_5m|std,723.4124011993408,214.78050231933594,0.0004779950864520574,0.00024596465996283426,0.00023203042648922316,其他,std
cancel_reprice_chase_skew_5m|lh,975.1065101623535,361.8804988861084,0.0006443020880652313,0.00041442222592143196,0.00022987986214379938,撤单/犹豫,lh
book_near_far_ratio_5m|mean,1352.914701461792,580.5570974349976,0.000893939029266503,0.0006648486595272933,0.00022909036973920967,其他,mean
third_party_spoof_punishment_5m|std,1077.2049112319946,437.3740997314453,0.0007117636548907248,0.0005008768047159502,0.00021088685017477463,其他,std
fill_frag_5m|std,2762.079683303833,1413.9243125915527,0.0018250454579150641,0.0016192131455335388,0.00020583231238152535,其他,std
range_pressure_asym_5m|lh,1280.1186180114746,561.5158948898315,0.000845838982675489,0.000643042849136079,0.00020279613353940999,其他,lh
hysteresis_loop_5m|mean,1295.307806968689,571.6171026229858,0.0008558752464673501,0.0006546106595214241,0.00020126458694592593,其他,mean
price_level_occupancy_5m|std,1456.438102722168,664.7314023971558,0.000962342165642415,0.0007612443010033644,0.00020109786463905059,队列/排队,std
resistance_absorption_break_5m|lh,2662.819797515869,1366.8050060272217,0.0017594594414052848,0.0015652525481253594,0.00019420689327992544,其他,lh
cancel_size_asymmetry_5m|std,1025.1576957702637,427.04350185394287,0.000677373432642705,0.0004890462988426808,0.0001883271338000242,撤单/犹豫,std
book_hesitation_5m|lh,1125.6831016540527,488.8009948730469,0.0007437956421547164,0.0005597704130270133,0.00018402522912770313,撤单/犹豫,lh
limit_lock_t1_overhang_5m|mean,453.2924003601074,104.0250015258789,0.00029951316806149826,0.0001191284769876556,0.00018038469107384264,涨跌停/封板,mean
supernormal_stimulus_overresponse_5m|std,791.6186981201172,306.6044044494629,0.0005230624294215311,0.00035112054990631337,0.00017194187951521776,其他,std
queue_position_at_fill_skew_5m|mean,1381.2327041625977,656.6365003585815,0.0009126501629527381,0.0007519740934852255,0.00016067606946751258,队列/排队,mean
flow_market_beta_residual_5m|lh,1588.0845909118652,799.9375953674316,0.0010493276450163084,0.0009160811922466779,0.00013324645276963055,其他,lh
trade_to_order_rhythm_lag_5m|mean,1272.6118059158325,620.6312074661255,0.0008408788530306461,0.0007107411625277029,0.00013013769050294324,其他,mean
fluct_dissip_5m|mean,1323.0055990219116,654.8253955841064,0.0008741765756746761,0.0007499000329201351,0.00012427654275454095,其他,mean
prevent_defense_lead_passivation_5m|lh,1815.1892986297607,939.1768970489502,0.0011993871881196784,0.0010755367625695247,0.0001238504255501537,其他,lh
fractional_reserve_liq_5m|lh,758.877498626709,331.6210012435913,0.0005014286663612774,0.0003797693269482189,0.00012165933941305851,其他,lh
bloodless_displacement_5m|mean,4858.847180366516,2697.304801940918,0.003210485573907998,0.0030889287028443204,0.00012155687106367745,其他,mean
scarcity_panic_buy_elasticity_5m|lh,281.24580574035645,57.873199462890625,0.00018583329924433528,6.627585685448725e-05,0.00011955744238984803,其他,lh
pre_move_liquidity_evaporation_lead_5m|mean,1154.0068035125732,561.4389982223511,0.0007625105415621088,0.0006429547877782515,0.0001195557537838573,流动性/枯竭,mean
present_bias_convexity_5m|std,596.2885036468506,248.7205991744995,0.00039399791098204364,0.0002848325473731824,0.00010916536360886122,情绪/行为偏差,std
patience_collapse_resubmit_5m|mean,1390.3119049072266,710.3263912200928,0.000918649249141542,0.0008134592637245561,0.00010518998541698596,其他,mean
tail_gamble_skew_5m|mean,1978.6451034545898,1052.891297340393,0.0013073906885142,0.0012057614500924961,0.00010162923842170382,大单/分单,mean
red_queen_queue_arms_race_5m|lh,1494.5384998321533,773.7613000869751,0.000987517021064097,0.0008861043391421463,0.0001014126819219506,队列/排队,lh
quorum_cascade_ignition_5m|lh,693.9312973022461,314.96490001678467,0.0004585154330999292,0.00036069491269590984,9.782052040401934e-05,其他,lh
book_near_far_ratio_5m|std,511.91570377349854,210.24260234832764,0.00033824854353575355,0.00024076789856568054,9.7480644970073e-05,其他,std
ud_vol_asym_5m|std,1207.032395362854,612.3040962219238,0.0007975472264718857,0.0007012050311585364,9.634219531334939e-05,其他,std
cue_revisit_relapse_surge_5m|std,462.75499153137207,186.7779998779297,0.0003057655796561438,0.00021389645117883397,9.18691284773098e-05,其他,std
bilateral_liquidity_flight_5m|lh,1655.1221027374268,875.6647052764893,0.001093622712680984,0.0010028031834777818,9.08195292032021e-05,流动性/枯竭,lh
range_pressure_asym_5m|mean,685.978798866272,318.72600173950195,0.000453260815994788,0.0003650020918687118,8.825872412607618e-05,其他,mean
fractional_reserve_liq_5m|mean,964.3527011871338,482.9669990539551,0.0006371965036955454,0.0005530893745604303,8.410712913511508e-05,其他,mean
headline_vs_allin_elasticity_5m|lh,1607.7730016708374,857.772294998169,0.001062336771742967,0.0009823129594467414,8.002381229622554e-05,其他,lh
board_break_reseal_aggression_5m|std,324.330997467041,118.7129020690918,0.00021430186006808746,0.00013594892588160554,7.835293418648193e-05,涨跌停/封板,std
cancel_reprice_chase_skew_5m|std,763.0253963470459,376.1152992248535,0.0005041693917430095,0.00043072378861985886,7.344560312315065e-05,撤单/犹豫,std
scarcity_panic_buy_elasticity_5m|std,293.5794982910156,105.90749931335449,0.000193982792434183,0.00012128429617597647,7.269849625820654e-05,其他,std
sell_wall_fill_rate_5m|std,1035.457010269165,535.7162885665894,0.0006841787095720713,0.0006134973767680318,7.068133280403949e-05,其他,std
house_money_bet_escalation_5m|lh,975.7606000900269,505.8864994049072,0.0006447342782944938,0.0005793365760031308,6.5397702291363e-05,其他,lh
outhead_target_sell_5m|std,212.80739974975586,67.00649833679199,0.00014061259009712812,7.673522689785382e-05,6.38773631992743e-05,其他,std
perishable_opportunity_urgency_5m|mean,909.1607933044434,469.5875997543335,0.0006007284244421307,0.0005377674092809864,6.296101516114431e-05,其他,mean
novelty_decay_trigger_followthrough_5m|lh,597.94420337677,293.97260189056396,0.0003950919153621585,0.00033665472555277046,5.843718980938804e-05,其他,lh
cancel_submit_ratio_buy_5m|std,513.0466003417969,245.62989902496338,0.0003389957839784608,0.00028129310592892384,5.770267804953695e-05,撤单/犹豫,std
near_seal_chase_skew_5m|std,84.34670066833496,0.0,5.5732122384223396e-05,0.0,5.5732122384223396e-05,涨跌停/封板,std
present_bias_convexity_5m|lh,136.52840042114258,30.396900177001953,9.02112051912176e-05,3.481025109460047e-05,5.5400954096617126e-05,情绪/行为偏差,lh
tit_for_tat_retaliation_5m|std,654.9992961883545,338.30090522766113,0.00043279109493910424,0.0003874190916814407,4.537200325766352e-05,其他,std
ud_vol_asym_5m|lh,930.8377017974854,499.6914005279541,0.0006150514519876452,0.0005722420056289524,4.280944635869273e-05,其他,lh
liquidity_vacuum_jump_share_5m|std,794.9419002532959,421.63330268859863,0.0005252582368037559,0.0004828505884142891,4.2407648389466794e-05,流动性/枯竭,std
slam_recovery_ratio_5m|mean,1416.332290649414,781.0811033248901,0.0009358422313350081,0.0008944869106277636,4.135532070724448e-05,其他,mean
retained_demand_imb_5m|mean,1036.8857069015503,562.3648996353149,0.0006851227215480597,0.0006440151215782915,4.1107599969768174e-05,其他,mean
near_uplimit_buy_press_5m|std,8210.958009719849,4708.349201202393,0.005425394390811321,0.005391958291158956,3.343609965236489e-05,涨跌停/封板,std
pressure_point_execution_choke_5m|std,143.96620082855225,54.369900703430176,9.512573533040064e-05,6.226391126904603e-05,3.2861824061354605e-05,其他,std
passive_buy_poison_asym_5m|mean,227.47130012512207,103.10010051727295,0.00015030176920993694,0.00011806928884150437,3.223248036843257e-05,其他,mean
going_once_urgency_rush_5m|mean,678.7419958114624,366.42249965667725,0.0004484790949514588,0.0004196236835166046,2.8855411434854225e-05,其他,mean
lemon_sell_into_strength_5m|lh,997.8533992767334,550.9863986968994,0.0006593321058126701,0.0006309845667375033,2.8347539075166848e-05,其他,lh
order_price_range_pos_mean_5m|std,1335.8281002044678,747.3840951919556,0.0008826490493993816,0.0008558974061910011,2.6751643208380534e-05,其他,std
passive_order_conc_5m|lh,453.9412965774536,239.46400260925293,0.00029994192654420407,0.0002742319779453352,2.5709948598868842e-05,其他,lh
pressure_point_execution_choke_5m|lh,118.1205997467041,47.886600494384766,7.804824218397177e-05,5.483929537451813e-05,2.3208946809453632e-05,其他,lh
cancel_resize_split_intensity_5m|lh,1139.1330976486206,645.1362972259521,0.0007526827333734247,0.0007388041664086277,1.3878566964796988e-05,撤单/犹豫,lh
cancel_at_touch_ratio_5m|mean,469.14899826049805,259.19860076904297,0.00030999042262841876,0.00029683185863031,1.315856399810878e-05,撤单/犹豫,mean
outhead_target_sell_5m|lh,263.761399269104,141.32309913635254,0.0001742804693938469,0.00016184191604266262,1.2438553351184269e-05,其他,lh
double_down_to_save_face_5m|lh,449.0693016052246,249.57830142974854,0.00029672275356060066,0.0002858147801237513,1.0907973436849352e-05,情绪/行为偏差,lh
schelling_anchor_convergence_5m|lh,462.64320182800293,261.8982992172241,0.0003056917145567374,0.0002999235285148593,5.7681860418781e-06,情绪/行为偏差,lh
frame_break_withdrawal_5m|std,1004.1280965805054,578.3090028762817,0.0006634781150256785,0.0006622741622720597,1.2039527536188057e-06,撤单/犹豫,std
gap_impatience_5m|std,0.0,0.0,0.0,0.0,0.0,其他,std
gap_impatience_5m|lh,0.0,0.0,0.0,0.0,0.0,其他,lh
pump_to_fomo_lag_5m|std,160.31740188598633,99.14419841766357,0.00010592979916741175,0.00011353902606499775,-7.609226897585994e-06,其他,std
tail_gamble_skew_5m|std,1600.674108505249,932.6392974853516,0.0010576461747242075,0.0010680499635525313,-1.0403788828323816e-05,大单/分单,std
impact_susceptibility_5m|std,564.2790985107422,337.49159812927246,0.0003728476813897022,0.00038649228062032906,-1.3644599230626863e-05,侵略性/主动,std
trade_price_reveal_5m|mean,1629.0732040405273,956.6976108551025,0.001076410890539198,0.0010956013232121338,-1.9190432672935766e-05,其他,mean
downlimit_capitulation_vs_defense_5m|lh,1139.5411987304688,677.157096862793,0.0007529523863563924,0.0007754740922602004,-2.252170590380802e-05,涨跌停/封板,lh
retained_demand_imb_5m|lh,784.1302976608276,472.72260093688965,0.0005181144652741216,0.0005413575838616567,-2.324311858753513e-05,其他,lh
near_seal_chase_skew_5m|lh,0.0,21.653799057006836,0.0,2.4797731937703643e-05,-2.4797731937703643e-05,涨跌停/封板,lh
relative_flow_strength_zscore_5m|mean,925.5437984466553,555.8286972045898,0.0006115535028432102,0.000636529922545042,-2.4976419701831787e-05,其他,mean
downlimit_capitulation_vs_defense_5m|std,928.4709968566895,560.4804010391235,0.0006134876505779559,0.0006418570110821931,-2.8369360504237233e-05,涨跌停/封板,std
novelty_decay_trigger_followthrough_5m|std,518.8675060272217,325.1609010696411,0.0003428419501648865,0.00037237127952094803,-2.9529329356061556e-05,其他,std
limit_lock_t1_overhang_5m|lh,21.285499572753906,38.4060001373291,1.4064403916197347e-05,4.398219886023743e-05,-2.991779494404008e-05,涨跌停/封板,lh
probe_sweep_retreat_5m|std,495.42269706726074,312.01579666137695,0.000327350781549185,0.0003573176266006868,-2.996684505150184e-05,侵略性/主动,std
forage_giveup_threshold_5m|mean,612.5531044006348,380.97910022735596,0.0004047447536274339,0.0004362937688871026,-3.154901525966871e-05,其他,mean
audience_contingent_display_5m|lh,378.85350608825684,247.30849838256836,0.0002503276334426853,0.0002832154225067726,-3.288778906408729e-05,其他,lh
cancel_resize_split_intensity_5m|std,847.9320936203003,518.1837959289551,0.0005602715321489554,0.0005934193271157175,-3.3147794966762096e-05,撤单/犹豫,std
averaging_down_staircase_buy_5m|std,518.08899974823,328.83100032806396,0.00034232755177260955,0.0003765742435068767,-3.4246691734267126e-05,其他,std
hot_hand_streak_chase_5m|lh,259.3325996398926,182.31369972229004,0.0001713541379428874,0.00020878397561472836,-3.7429837671840974e-05,其他,lh
uplimit_proximity_impact_5m|lh,240.21179962158203,176.68569946289062,0.00015872006028174655,0.0002023388413724415,-4.361878109069496e-05,涨跌停/封板,lh
uplimit_proximity_impact_5m|std,112.84930038452148,107.92670059204102,7.456522863573312e-05,0.0001235966669477434,-4.903143831201029e-05,涨跌停/封板,std
support_buildup_5m|lh,1560.3458194732666,949.3196134567261,0.0010309992386607018,0.0010871521083080724,-5.615286964737068e-05,其他,lh
overpay_regret_share_5m|lh,389.5802974700928,278.1282968521118,0.00025741536592475674,0.0003185099728445566,-6.109460691979988e-05,情绪/行为偏差,lh
premature_closure_persistence_5m|std,323.56450271606445,247.0435037612915,0.0002137953982986311,0.0002829119530986536,-6.91165548000225e-05,其他,std
prevent_defense_lead_passivation_5m|mean,865.3919048309326,560.8793020248413,0.0005718081106693492,0.0006423138288298536,-7.050571816050448e-05,其他,mean
round_number_size_at_price_anchor_5m|mean,808.5272979736328,529.1880979537964,0.0005342347947768458,0.0006060213527951442,-7.178655801829846e-05,情绪/行为偏差,mean
left_digit_barrier_buy_asym_5m|lh,475.85630226135254,337.497296333313,0.00031442227692125835,0.0003864988061512971,-7.207652923003877e-05,其他,lh
sunk_wait_hazard_slope_5m|lh,1491.9154949188232,925.5866012573242,0.00098578386932626,0.0010599732805630824,-7.418941123682249e-05,其他,lh
ultimatum_greedy_ask_rejection_5m|lh,1173.373803138733,741.9095029830933,0.0007753072957306515,0.0008496279534401832,-7.43206577095317e-05,其他,lh
rival_crossing_count_5m|lh,442.0141010284424,320.6414031982422,0.0002920610264405726,0.00036719559203936925,-7.513456559879667e-05,其他,lh
threshold_crossing_effort_asym_5m|std,616.3320026397705,424.38010025024414,0.00040724166242733084,0.00048599619577129386,-7.875453334396301e-05,其他,std
cue_revisit_relapse_surge_5m|mean,449.19129943847656,327.9653968811035,0.00029680336368665815,0.0003755829623840784,-7.877959869742027e-05,其他,mean
deindividuation_5m|lh,1028.0729007720947,662.2126007080078,0.0006792996557273044,0.0007583597924269576,-7.906013669965316e-05,情绪/行为偏差,lh
info_decoupled_cascade_5m|std,257.26749992370605,217.93279933929443,0.00016998962232809536,0.0002495746415777536,-7.958501924965825e-05,其他,std
drip_surcharge_neglect_5m|std,1595.9439058303833,990.8901977539062,0.001054520691068191,0.0011347583599030607,-8.02376688348698e-05,其他,std
kyle_side_asym_5m|mean,509.40379905700684,364.789098739624,0.00033658880130555655,0.00041775312777803645,-8.116432647247991e-05,其他,mean
tail_gamble_skew_5m|lh,377.9449939727783,288.95090103149414,0.00024972733363242365,0.0003309039198190184,-8.117658618659473e-05,大单/分单,lh
threshold_crossing_effort_asym_5m|mean,490.1982002258301,355.9370002746582,0.00032389869278868274,0.000407615785862076,-8.371709307339326e-05,其他,mean
wash_intensity_5m|std,305.145601272583,255.16609954833984,0.00020162510045298662,0.00029221387524336703,-9.058877479038041e-05,其他,std
board_break_reseal_aggression_5m|lh,0.0,79.31370067596436,0.0,9.082932205900388e-05,-9.082932205900388e-05,涨跌停/封板,lh
order_aggression_ratio_orders_5m|std,714.4803991317749,491.8476028442383,0.00047209326185878556,0.0005632593605133173,-9.116609865453176e-05,侵略性/主动,std
limit_lock_t1_overhang_5m|std,81.52789878845215,128.10039710998535,5.3869597708074626e-05,0.0001466993990423544,-9.282980133427976e-05,涨跌停/封板,std
novelty_decay_trigger_followthrough_5m|mean,523.6563997268677,385.48480129241943,0.00034600621394330247,0.0004414536563926956,-9.544744244939312e-05,其他,mean
clock_grid_alignment_5m|mean,746.8709955215454,514.3280019760132,0.0004934953637523855,0.0005890037072699643,-9.550834351757887e-05,其他,mean
near_seal_chase_skew_5m|mean,31.988399505615234,103.73119926452637,2.1136350112052016e-05,0.00011879201733452356,-9.765566722247154e-05,涨跌停/封板,mean
refill_latency_asymmetry_5m|lh,445.01110076904297,344.38119983673096,0.0002940412954375239,0.0003943821892617329,-0.00010034089382420902,其他,lh
forage_giveup_threshold_5m|lh,458.8578042984009,352.66229820251465,0.00030319051134758906,0.00040386562710484944,-0.00010067511575726038,其他,lh
tit_for_tat_retaliation_5m|lh,496.75499534606934,375.36720180511475,0.0003282310982674265,0.0004298670743209439,-0.0001016359760535174,其他,lh
buy_reach_escalation_5m|std,675.8374948501587,478.937894821167,0.0004465599445667035,0.0005484752813728695,-0.00010191533680616602,其他,std
rubberneck_liquidity_degradation_5m|lh,253.548602104187,236.34309673309326,0.00016753235883385574,0.00027065794518018086,-0.00010312558634632512,流动性/枯竭,lh
range_pressure_asym_5m|std,399.2770004272461,321.8833999633789,0.0002638224669927231,0.0003686179153355388,-0.0001047954483428157,其他,std
slam_churn_5m|lh,304.92090225219727,268.59739685058594,0.0002014766304689265,0.0003075952736390876,-0.00010611864317016111,其他,lh
size_markout_slope_5m|mean,640.5429983139038,463.63169956207275,0.0004232390892770246,0.00053094676704511,-0.00010770767776808538,大单/分单,mean
patience_collapse_resubmit_5m|std,673.4658012390137,484.9794044494629,0.0004449928468907201,0.0005553939627491548,-0.00011040111585843465,其他,std
signed_vol_flow_coupling_5m|mean,382.92890071868896,317.48150062561035,0.0002530204523734502,0.0003635769006153335,-0.00011055644824188332,其他,mean
first_mover_anchor_follow_5m|std,17.12339973449707,107.02369785308838,1.1314294478328502e-05,0.000122562556499013,-0.00011124826202068449,情绪/行为偏差,std
vwap_curve_track_5m|std,210.93799781799316,220.47950077056885,0.00013937738188600938,0.0002524911006827749,-0.00011311371879676554,其他,std
quorum_cascade_ignition_5m|mean,340.0225009918213,295.3372001647949,0.00022467002844819148,0.0003382174509718965,-0.00011354742252370505,其他,mean
di_persistence_5m|lh,402.87999725341797,333.42149925231934,0.00026620314885075774,0.00038183124074252646,-0.00011562809189176871,其他,lh
cancel_resize_split_intensity_5m|mean,1164.036901473999,773.740198135376,0.0007691379335369295,0.0008860801733808525,-0.00011694223984392291,撤单/犹豫,mean
averaging_down_staircase_buy_5m|lh,1669.3196029663086,1065.7119045257568,0.0011030037176762762,0.0012204434917713843,-0.00011743977409510811,其他,lh
feint_cross_side_divergence_5m|mean,503.8017053604126,395.2671060562134,0.00033288721524430483,0.0004526562620244768,-0.00011976904678017195,其他,mean
first_mover_anchor_follow_5m|mean,171.2523021697998,203.8773012161255,0.00011315503970495372,0.00023347841413093724,-0.00012032337442598352,情绪/行为偏差,mean
moc_tail_imbalance_ramp_5m|lh,243.77350044250488,246.12829780578613,0.00016107345578476927,0.0002818638676383303,-0.00012079041185356104,大单/分单,lh
pov_book_reactivity_5m|mean,367.1588010787964,318.08370208740234,0.0002426003515730896,0.00036426653620226664,-0.00012166618462917703,其他,mean
queue_position_adverse_fill_5m|lh,344.30030059814453,306.03320026397705,0.00022749658656256584,0.00035046641211570757,-0.00012296982555314172,队列/排队,lh
exec_backloading_5m|mean,372.1236000061035,322.7046012878418,0.00024588084481393097,0.0003695583475551834,-0.00012367750274125243,其他,mean
pump_to_fomo_lag_5m|lh,198.7273006439209,223.06370067596436,0.00013130915794944977,0.0002554505026961921,-0.0001241413447467423,其他,lh
cancel_at_touch_ratio_5m|lh,88.96780014038086,160.69710063934326,5.8785516047342906e-05,0.00018402884474589038,-0.00012524332869854747,撤单/犹豫,lh
exec_backloading_sell_5m|std,259.36180114746094,259.2506980895996,0.000171373432852833,0.00029689152000365307,-0.00012551808715082006,其他,std
quoteless_price_discovery_5m|std,341.6916980743408,306.97119903564453,0.00022577295121042456,0.0003515405996999033,-0.00012576764848947874,其他,std
sacrificial_dump_capitulation_5m|lh,971.0845994949341,670.6290988922119,0.0006416446086883388,0.0007679982888994058,-0.000126353680211067,其他,lh
first_mover_anchor_follow_5m|lh,121.98600006103516,181.3626012802124,8.060230727099169e-05,0.00020769478640821003,-0.00012709247913721833,情绪/行为偏差,lh
induced_demand_wall_pull_5m|lh,186.75409698486328,219.00450038909912,0.00012339785796533145,0.000250801943783729,-0.00012740408581839754,其他,lh
aggression_regime_switch_5m|lh,258.3068017959595,260.71350288391113,0.00017067634153204316,0.00029856671062821865,-0.0001278903690961755,侵略性/主动,lh
first_responder_counterflow_5m|lh,760.7047986984253,550.9141006469727,0.0005026360557484456,0.0006309017716742913,-0.00012826571592584575,其他,lh
pov_book_reactivity_5m|lh,312.58370208740234,292.4083023071289,0.00020653982908650778,0.00033486330402723765,-0.00012832347494072988,其他,lh
rejection_cascade_sell_followthrough_5m|lh,955.6126956939697,665.5733995437622,0.0006314215409296732,0.00076220854840766,-0.0001307870074779868,其他,lh
interarrival_tail_dispersion_5m|lh,1440.8376941680908,945.9873971939087,0.0009520341883073143,0.0010833360848275615,-0.00013130189652024715,侵略性/主动,lh
probe_sweep_retreat_5m|lh,225.60479736328125,244.91359996795654,0.00014906847662671613,0.0002804728068231585,-0.00013140433019644238,侵略性/主动,lh
fire_sale_contagion_5m|std,704.8449993133545,522.4602060317993,0.00046572666686874904,0.0005983166327158499,-0.00013258996584710083,其他,std
vol_of_vol_acceleration_5m|mean,306.71589851379395,293.096604347229,0.00020266267509827008,0.00033565154120620297,-0.00013298886610793289,其他,mean
size_price_position_coupling_5m|std,418.25619888305664,359.1160001754761,0.0002763629813544282,0.0004112563473710718,-0.00013489336601664356,队列/排队,std
frame_break_withdrawal_5m|lh,568.5711002349854,445.95549964904785,0.0003756836235602134,0.0005107041451399892,-0.00013502052157977575,撤单/犹豫,lh
book_near_far_ratio_5m|lh,301.6614990234375,292.06590270996094,0.00019932297824298983,0.0003344711911511647,-0.00013514821290817487,其他,lh
order_aggression_ratio_orders_5m|mean,1118.0631065368652,764.382402420044,0.0007387607267748229,0.000875363711615151,-0.0001366029848403281,侵略性/主动,mean
dist_into_strength_5m|mean,3747.962978363037,2281.956588745117,0.002476468311701073,0.0026132757412315254,-0.0001368074295304525,其他,mean
group_polarization_drift_5m|mean,345.34190559387207,319.85319995880127,0.00022818482755643913,0.00036629294892382965,-0.00013810812136739052,其他,mean
round_number_size_at_price_anchor_5m|lh,465.46129417419434,389.44859981536865,0.0003075537704081638,0.00044599296208073624,-0.00013843919167257242,情绪/行为偏差,lh
relative_overtake_chase_5m|std,780.9358062744141,572.3497018814087,0.0005160037035787352,0.0006554496254682449,-0.0001394459218895097,其他,std
aggressive_arrival_quickening_5m|mean,322.9650001525879,309.0667018890381,0.00021339927669609553,0.0003539403503347154,-0.00014054107363861988,侵略性/主动,mean
board_break_reseal_aggression_5m|mean,96.49160194396973,178.52270126342773,6.375687164975207e-05,0.00020444255897409064,-0.00014068568732433857,涨跌停/封板,mean
spiteful_breakout_suppression_5m|std,609.5002956390381,475.2754011154175,0.0004027276087934474,0.0005442810271960572,-0.0001415534184026098,其他,std
ud_vol_asym_5m|mean,645.2252979278564,496.2517042160034,0.00042633292096287234,0.0005683028969826449,-0.00014196997601977253,其他,mean
forage_giveup_threshold_5m|std,516.8370018005371,422.6755027770996,0.0003415002935361554,0.0004840441063901445,-0.0001425438128539891,其他,std
phantom_wall_repulsion_5m|mean,2299.958013534546,1451.9907026290894,0.0015196983459129416,0.0016628064260244952,-0.00014310808011155354,其他,mean
intraframe_vol_leakage_5m|std,228.35860061645508,256.7677984237671,0.00015088805342950592,0.000294048126094832,-0.00014316007266532607,其他,std
propping_score_5m|lh,4053.5784034729004,2464.534906387329,0.002678403848476889,0.0028223627548594385,-0.00014395890638254933,其他,lh
patience_collapse_resubmit_5m|lh,1072.051601409912,746.239499092102,0.0007083586029869466,0.0008545866252427534,-0.00014622802225580677,其他,lh
drawdown_concentration_5m|mean,465.2377986907959,396.22340202331543,0.0003074060956617376,0.0004537514033889493,-0.0001463453077272117,其他,mean
sunk_cost_wall_refill_escalation_5m|lh,360.08919525146484,335.6805992126465,0.00023792910617694365,0.0003844183412826759,-0.00014648923510573227,其他,lh
l1_quote_flicker_replenish_5m|std,248.12799644470215,271.1039981842041,0.00016395069107901446,0.0003104658104803187,-0.00014651511940130425,其他,std
feigned_retreat_trap_5m|std,473.13490104675293,402.87779331207275,0.00031262410978079096,0.00046137195121765924,-0.00014874784143686828,撤单/犹豫,std
wash_intensity_5m|lh,505.60410499572754,421.83760261535645,0.0003340781516563365,0.00048308455081531144,-0.00014900639915897495,其他,lh
ignition_burst_retreat_5m|mean,367.3241996765137,342.2263994216919,0.00024270963877480727,0.0003919145316035678,-0.00014920489282876053,撤单/犹豫,mean
liquidity_vacuum_jump_share_5m|mean,1695.026400566101,1109.9458055496216,0.0011199894963562472,0.001271099749237382,-0.00015111025288113474,流动性/枯竭,mean
size_assortative_matching_5m|std,150.71559715270996,219.14450073242188,9.958540214578327e-05,0.00025096227089195446,-0.0001513768687461712,大单/分单,std
exec_backloading_buy_5m|std,218.02309799194336,261.895299911499,0.0001440588651790164,0.0002999200937374711,-0.0001558612285584547,其他,std
loud_tape_quiet_book_divergence_5m|mean,247.87849807739258,280.7046995162964,0.00016378583491473796,0.00032146044552890346,-0.0001576746106141655,其他,mean
moc_tail_imbalance_ramp_5m|mean,464.2374973297119,406.19199657440186,0.0003067451460640023,0.0004651673463753374,-0.0001584222003113351,大单/分单,mean
zero_price_aggression_jump_5m|lh,392.9755029678345,365.4266004562378,0.0002596587495641925,0.00041848318889279955,-0.00015882443932860703,侵略性/主动,lh
vwap_curve_track_5m|lh,84.65559959411621,188.68529987335205,5.5936227495621775e-05,0.00021608067362805647,-0.00016014444613243468,其他,lh
retained_demand_imb_5m|std,597.8374996185303,485.6295986175537,0.00039502141080340335,0.0005561385591428558,-0.00016111714833945244,其他,std
reality_detach_flow_divergence_5m|std,503.00859451293945,432.36109924316406,0.00033236316687649213,0.0004951359625669717,-0.0001627727956904796,其他,std
cancel_reprice_chase_skew_5m|mean,939.0873947143555,685.6977005004883,0.0006205024404866876,0.000785254713158925,-0.00016475227267223743,撤单/犹豫,mean
draft_behind_large_order_5m|mean,398.5662021636963,374.13280487060547,0.00026335280670369273,0.00042845345428105627,-0.00016510064757736353,其他,mean
commitment_ratchet_lockin_5m|std,268.392502784729,299.50049781799316,0.00017734047323349577,0.0003429852212328602,-0.0001656447479993644,其他,std
cancel_at_touch_ratio_5m|std,298.45280265808105,317.03650188446045,0.00019720283060104427,0.00036306729214124545,-0.00016586446154020118,撤单/犹豫,std
stealth_split_burst_5m|std,514.4114971160889,441.8941993713379,0.00033989764016802046,0.0005060531813372847,-0.00016615554116926426,其他,std
best_queue_survival_halflife_mean_5m|std,322.06450271606445,332.43370246887207,0.00021280427258874642,0.00038070002493229547,-0.00016789575234354905,队列/排队,std
probe_sweep_retreat_5m|mean,587.0283012390137,486.3815002441406,0.0003878792278586148,0.0005569996299845376,-0.00016912040212592282,侵略性/主动,mean
aggr_penetration_depth_5m|std,352.4053020477295,351.65709686279297,0.00023285197010612343,0.00040271447975651504,-0.0001698625096503916,流动性/枯竭,std
orderflow_leadlag_leader_score_5m|mean,381.5687999725342,368.65950107574463,0.00025212176516175195,0.00042218547701012763,-0.00017006371184837568,其他,mean
size_distribution_regime_shift_5m|std,160.85390090942383,241.61279964447021,0.00010628429115104971,0.0002766927605880285,-0.0001704084694369788,大单/分单,std
cross_order_intensity_5m|std,235.78400230407715,285.3443012237549,0.0001557943911087215,0.0003267736748212035,-0.000170979283712482,其他,std
pre_move_liquidity_evaporation_lead_5m|lh,520.5881977081299,451.414999961853,0.000343978898007375,0.0005169563147899585,-0.00017297741678258348,流动性/枯竭,lh
uplimit_proximity_impact_5m|mean,167.1728000640869,250.95519828796387,0.0001104595067579532,0.00028739158976837765,-0.00017693208301042447,涨跌停/封板,mean
spiteful_breakout_suppression_5m|mean,1091.488000869751,784.5028018951416,0.0007212012131284366,0.0008984054084254636,-0.00017720419529702696,其他,mean
supernormal_stimulus_overresponse_5m|mean,1575.6607971191406,1064.3936004638672,0.0010411186173881252,0.0012189337820593352,-0.00017781516467121005,其他,mean
exec_backloading_5m|lh,191.75579833984375,266.12239933013916,0.00012670273450272228,0.000304760929194635,-0.0001780581946919127,其他,lh
averaging_down_staircase_buy_5m|mean,793.5428924560547,613.354902267456,0.0005243338417396392,0.000702408404597397,-0.00017807456285775776,其他,mean
positional_queue_jump_chain_5m|lh,364.73959732055664,365.9935998916626,0.0002410018615449289,0.00041913251144222734,-0.00017813064989729844,队列/排队,lh
ob_entropy_shift_5m|std,232.87979888916016,290.86040210723877,0.0001538754373278821,0.00033309066292522407,-0.00017921522559734198,其他,std
tolerance_escalation_dose_slope_5m|std,714.6048984527588,570.4060020446777,0.0004721755248440458,0.00065322371825484,-0.00018104819341079422,其他,std
l1_quote_flicker_confirmed_5m|std,231.15729904174805,292.36720085144043,0.00015273729473852036,0.0003348162350174196,-0.00018207894027889922,其他,std
slam_recovery_ratio_5m|std,480.7302026748657,436.4346990585327,0.000317642708926092,0.0004998010116873154,-0.0001821583027612234,其他,std
hot_hand_streak_chase_5m|std,386.49360275268555,382.5672960281372,0.0002553758309294317,0.0004381125561414166,-0.00018273672521198489,其他,std
third_party_spoof_punishment_5m|mean,1192.5411949157715,848.873197555542,0.0007879721589184218,0.0009721217947329284,-0.0001841496358145066,其他,mean
audience_contingent_display_5m|std,338.81490325927734,356.4689016342163,0.00022387210767490964,0.0004082249144171576,-0.00018435280674224797,其他,std
exec_backloading_5m|std,214.83970069885254,285.4343013763428,0.0001419554339110433,0.0003268767421699099,-0.00018492130825886662,其他,std
eff_spread_gap_5m|mean,423.26720237731934,406.63489532470703,0.00027967400428475207,0.00046567454995918416,-0.0001860005456744321,流动性/枯竭,mean
kyle_side_asym_5m|lh,677.2699031829834,554.0622997283936,0.00044750640905051397,0.0006345070603676091,-0.00018700065131709514,其他,lh
accum_aggr_5m|std,275.9510021209717,323.5760021209717,0.00018233475524702676,0.0003705562677914134,-0.00018822151254438665,侵略性/主动,std
anchor_round_number_buy_5m|lh,416.8718032836914,405.31820011138916,0.0002754482413069735,0.00046416668268575305,-0.00018871844137877955,情绪/行为偏差,lh
hysteresis_loop_5m|std,402.6982002258301,397.5538959503174,0.0002660830263787424,0.0004552750728226444,-0.00018919204644390197,其他,std
trade_to_order_rhythm_lag_5m|std,568.8372955322266,495.99660205841064,0.0003758595122288442,0.0005680107563331421,-0.00019215124410429797,其他,std
deindividuation_5m|std,3129.733561515808,1973.7525701522827,0.0020679729319382,0.0022603233278897634,-0.0001923503959515632,情绪/行为偏差,std
exec_backloading_sell_5m|lh,274.63860034942627,326.78510093688965,0.00018146758515537553,0.0003742312983017287,-0.00019276371314635315,其他,lh
prevent_defense_lead_passivation_5m|std,251.00089740753174,314.5353021621704,0.00016584896174982305,0.00036020294117573035,-0.0001943539794259073,其他,std
sacrificial_dump_capitulation_5m|std,495.25620460510254,455.84650230407715,0.00032724077157602027,0.0005220312305991647,-0.00019479045902314444,其他,std
moc_tail_imbalance_ramp_5m|std,395.9650993347168,400.2304000854492,0.0002616341267784558,0.0004583401807927711,-0.00019670605401431532,大单/分单,std
failed_breakout_doubling_5m|lh,596.1509962081909,517.468994140625,0.00039390705287687295,0.0005926007426682986,-0.00019869368979142564,其他,lh
zero_price_aggression_jump_5m|mean,243.06030082702637,313.79940032958984,0.0001606022088013155,0.00035936019315129566,-0.00019875798434998017,侵略性/主动,mean
new_high_landmark_echo_5m|lh,1362.196102142334,959.8956909179688,0.000900071719158654,0.0010992637351475863,-0.00019919201598893235,其他,lh
stealth_split_burst_5m|lh,581.2818012237549,510.04890060424805,0.00038408222525396424,0.0005841033196533647,-0.0002000210943994005,其他,lh
pressure_point_execution_choke_5m|mean,209.031099319458,296.14699935913086,0.00013811739780065021,0.0003391448255767704,-0.0002010274277761202,其他,mean
board_inventory_depletion_urgency_5m|std,504.0800971984863,467.7322998046875,0.0003330711627830628,0.0005356427368069214,-0.00020257157402385858,涨跌停/封板,std
queue_emptying_ratio_5m|lh,691.5243034362793,576.7702054977417,0.0004569250107638662,0.000660511945637509,-0.00020358693487364276,队列/排队,lh
cascade_saturation_5m|mean,264.1257038116455,330.96959495544434,0.00017452118379274068,0.0003790233424457546,-0.00020450215865301395,其他,mean
queue_growth_attracts_joiners_5m|lh,441.6381998062134,434.48530101776123,0.00029181264953008707,0.0004975685789429424,-0.00020575592941285534,队列/排队,lh
going_once_urgency_rush_5m|lh,482.58279514312744,461.05889892578125,0.0003188668102762473,0.0005280004193700462,-0.0002091336090937989,其他,lh
order_footprint_persistence_5m|lh,389.85100078582764,407.7277002334595,0.00025759423326874063,0.0004669260201107316,-0.00020933178684199097,其他,lh
pump_to_fomo_lag_5m|mean,332.82750129699707,375.11109924316406,0.00021991592899475628,0.00042957378801755235,-0.00020965785902279607,其他,mean
clock_grid_alignment_5m|std,286.84270191192627,349.17359828948975,0.00018953145103846732,0.0003998703999843554,-0.0002103389489458881,其他,std
new_high_landmark_echo_5m|std,876.9848041534424,689.7442951202393,0.000579468124383112,0.000789888836177106,-0.00021042071179399398,其他,std
panic_euphoria_reaction_asym_5m|mean,1251.3285074234009,906.2575960159302,0.0008268159034793133,0.0010378378811656515,-0.00021102197768633818,其他,mean
run_length_reversal_continuation_skew_5m|std,178.79119873046875,287.88509941101074,0.00011813636917524724,0.00032968337358535573,-0.00021154700441010848,其他,std
sunk_wait_hazard_slope_5m|std,1028.3052988052368,778.1380891799927,0.0006794532128376869,0.0008911165978405291,-0.00021166338500284217,其他,std
hurst_flow_5m|mean,270.45009994506836,341.06110191345215,0.00017870003153096114,0.00039058004359243735,-0.0002118800120614762,其他,mean
accum_aggr_5m|mean,429.80679512023926,434.11829948425293,0.00028399504328454093,0.0004971482921551734,-0.0002131532488706325,侵略性/主动,mean
unraveling_cascade_chain_5m|lh,722.3246002197266,603.0067005157471,0.00047727632143996845,0.0006905577389289577,-0.00021328141748898924,其他,lh
exec_backloading_buy_5m|mean,207.6566982269287,306.9291019439697,0.0001372092616283173,0.00035149239049689184,-0.00021428312886857454,其他,mean
threshold_crossing_effort_asym_5m|lh,375.6543016433716,404.34479904174805,0.0002482137575916832,0.0004630519527148465,-0.0002148381951231633,其他,lh
flow_market_beta_residual_5m|mean,746.0667057037354,618.80539894104,0.0004929639288746321,0.0007086502633623672,-0.00021568633448773513,其他,mean
double_confirmation_lag_chase_5m|mean,455.8677978515625,451.55849838256836,0.0003012148631728007,0.0005171206478643078,-0.0002159057846915071,其他,mean
gap_impatience_5m|mean,265.52130031585693,343.4628019332886,0.00017544332484337343,0.00039333044841192836,-0.00021788712356855493,其他,mean
decoy_dominance_pull_5m|mean,374.4466037750244,406.47610092163086,0.000247415770653622,0.0004654927000662243,-0.00021807692941260232,其他,mean
cancel_submit_ratio_asym_5m|lh,363.0771999359131,400.0718002319336,0.00023990343168628535,0.00045815855369618245,-0.0002182551220098971,撤单/犹豫,lh
stealth_accum_5m|std,382.91370391845703,411.84160232543945,0.00025301041108050494,0.00047163722302834927,-0.00021862681194784433,其他,std
freeze_after_shock_5m|std,588.4328994750977,531.0815000534058,0.00038880731680784246,0.0006081896595016389,-0.00021938234269379647,其他,std
impact_perm_side_asym_5m|mean,421.196102142334,434.7901039123535,0.00027830552382432394,0.0004979176364202949,-0.00021961211259597096,侵略性/主动,mean
trust_ladder_ratcheting_5m|lh,564.7323970794678,519.1131010055542,0.0003731471986335141,0.0005944835587601132,-0.0002213363601265991,其他,lh
drawdown_concentration_5m|lh,435.209002494812,448.66350173950195,0.00028756455436391943,0.0005138053242794571,-0.00022624076991553768,其他,lh
foot_in_door_size_escalation_5m|mean,339.0264005661011,393.6632022857666,0.00022401185462048588,0.00045081948614747236,-0.00022680763152698648,大单/分单,mean
impact_susceptibility_5m|mean,572.342306137085,528.3097982406616,0.0003781754496447733,0.0006050155320248517,-0.00022684008238007836,侵略性/主动,mean
counter_signal_elite_contrarian_5m|lh,126.0741024017334,272.59850025177,8.33035228273289e-05,0.00031217730053129203,-0.00022887377770396312,其他,lh
left_digit_barrier_buy_asym_5m|std,294.214900970459,369.9090967178345,0.00019440263505533364,0.00042361650247044007,-0.00022921386741510643,其他,std
cornered_desperation_5m|std,366.1888008117676,413.25900077819824,0.00024195942343759145,0.00047326041472731605,-0.0002313009912897246,其他,std
deadline_concession_lift_5m|lh,287.06699657440186,368.81869888305664,0.00018967965384284694,0.00042236778887791584,-0.0002326881350350689,其他,lh
ignition_burst_retreat_5m|std,239.45209884643555,341.4049987792969,0.00015821808763503522,0.00039097387112685676,-0.00023275578349182154,撤单/犹豫,std
single_id_drip_footprint_5m|lh,225.59110069274902,333.62670135498047,0.0001490594265451799,0.000382066236307113,-0.0002330068097619331,其他,lh
passive_order_conc_5m|mean,233.40389823913574,340.7507963180542,0.00015422173622141186,0.000390224684472627,-0.00023600294825121515,其他,mean
vwap_curve_track_5m|mean,225.906400680542,336.9175968170166,0.00014926776116133187,0.00038583493958581876,-0.00023656717842448688,其他,mean
fire_sale_contagion_5m|lh,279.0695037841797,369.60820293426514,0.00018439530669684252,0.0004232719216711526,-0.0002388766149743101,其他,lh
info_decoupled_cascade_5m|lh,238.39630031585693,346.4595994949341,0.00015752046825629192,0.0003967623534743891,-0.00023924188521809716,其他,lh
normalcy_bias_delayed_surge_5m|mean,438.2920961380005,461.9097023010254,0.0002896017099477502,0.0005289747515865526,-0.0002393730416388024,情绪/行为偏差,mean
decoy_dominance_pull_5m|lh,348.95079803466797,411.75360012054443,0.00023056940494462668,0.0004715364437110032,-0.00024096703876637653,其他,lh
exit_vs_voice_under_stress_5m|mean,1002.2308044433594,789.3544073104858,0.0006622244783481535,0.0009039614224182271,-0.00024173694407007363,其他,mean
anchor_round_number_buy_5m|std,337.82849884033203,406.27660369873047,0.00022322034048826925,0.00046526423767757945,-0.0002420438971893102,情绪/行为偏差,std
queue_growth_attracts_joiners_5m|std,335.4643030166626,405.57519817352295,0.00022165819697890873,0.0004644609945077352,-0.00024280279752882648,队列/排队,std
narrative_sign_attention_asym_5m|lh,233.76779747009277,347.1113977432251,0.00015446218281048437,0.00039750878684601286,-0.00024304660403552848,其他,lh
size_ladder_geometry_5m|mean,423.6966037750244,458.15409660339355,0.0002799577314615027,0.000524673866411235,-0.0002447161349497323,大单/分单,mean
passive_buy_depth_dist_5m|lh,1286.6377983093262,959.2581968307495,0.0008501465341425386,0.001098533682769936,-0.00024838714862739737,流动性/枯竭,lh
aggression_regime_switch_5m|std,157.78480052947998,308.3611001968384,0.00010425638162253023,0.00035313230175294493,-0.0002488759201304147,侵略性/主动,std
overpay_regret_share_5m|std,477.7048006057739,492.9676990509033,0.00031564367307714854,0.0005645420844087499,-0.0002488984113316013,情绪/行为偏差,std
retail_chase_5m|lh,379.6974039077759,439.9267997741699,0.00025088523932631263,0.0005038001333757479,-0.0002529148940494353,大单/分单,lh
narrative_sign_attention_asym_5m|mean,341.1122064590454,417.84720516204834,0.00022539005185136997,0.0004785147842763535,-0.0002531247324249835,其他,mean
flight_return_hysteresis_5m|mean,485.91010189056396,502.67709732055664,0.00032106532978428543,0.0005756611981925899,-0.0002545958684083045,其他,mean
fomo_small_order_surge_5m|std,551.4452018737793,540.9387016296387,0.00036436767811310445,0.0006194780362756092,-0.0002551103581625047,其他,std
competitive_sweep_winner_overpay_5m|mean,956.4707050323486,774.8017015457153,0.0006319884710060655,0.0008872957973437078,-0.0002553073263376423,侵略性/主动,mean
auction_fever_price_acceleration_5m|std,287.5065040588379,389.90929985046387,0.00018997005862118782,0.0004465205515325412,-0.00025655049291135336,其他,std
silence_then_burst_5m|mean,115.97809791564941,291.17019844055176,7.663258308514955e-05,0.0003334454388427688,-0.00025681285575761926,其他,mean
queue_jump_abandonment_5m|lh,5681.366701126099,3502.5138006210327,0.0037539657365125694,0.004011046657782815,-0.00025708092127024566,撤单/犹豫,lh
fill_frag_5m|lh,400.9191036224365,456.29680156707764,0.00026490748745608113,0.0005225469091822269,-0.0002576394217261458,其他,lh
adverse_move_cancel_asymmetry_5m|std,250.4683017730713,369.9080972671509,0.00016549704893229899,0.00042361535790869033,-0.00025811830897639134,撤单/犹豫,std
critical_slowing_5m|mean,369.8636016845703,439.0667018890381,0.0002443875498534191,0.0005028151571718248,-0.00025842760731840573,其他,mean
large_order_cancel_rate_5m|mean,710.5072002410889,636.9727993011475,0.00046946796881142274,0.0007294554035111627,-0.00025998743469973995,撤单/犹豫,mean
overpay_regret_mag_5m|lh,1494.447702407837,1090.3123979568481,0.0009874570266230093,0.0012486157510610098,-0.0002611587244380005,情绪/行为偏差,lh
size_markout_slope_5m|lh,287.4050979614258,394.213397026062,0.00018990305449433168,0.0004514495641142745,-0.0002615465096199428,大单/分单,lh
synchronized_queue_pull_5m|lh,221.93269729614258,356.63219928741455,0.00014664213476950916,0.00040841192139082563,-0.0002617697866213165,羊群/同步,lh
costly_entry_loyalty_5m|lh,258.1495990753174,377.87870025634766,0.0001705724697599817,0.00043274321929632077,-0.0002621707495363391,其他,lh
ignition_burst_retreat_5m|lh,431.63450145721436,478.3430004119873,0.0002852027011116711,0.0005477940137555225,-0.00026259131264385146,撤单/犹豫,lh
eff_spread_gap_5m|lh,420.7596035003662,472.6835060119629,0.00027801710714006795,0.0005413128127124507,-0.0002632957055723827,流动性/枯竭,lh
pov_book_reactivity_5m|std,318.5333003997803,413.8312978744507,0.00021047102898709733,0.00047391580410930084,-0.0002634447751222035,其他,std
fomo_small_order_surge_5m|lh,285.5153999328613,397.5170021057129,0.00018865443562764592,0.00045523282233042155,-0.00026657838670277566,其他,lh
induced_demand_wall_pull_5m|mean,325.7224006652832,424.44809913635254,0.00021522123038981655,0.00048607406747155945,-0.0002708528370817429,其他,mean
wash_intensity_5m|mean,2056.7694091796875,1424.3000059127808,0.0013590113604948907,0.001631095294295069,-0.00027208393380017824,其他,mean
deadline_concession_lift_5m|std,249.4276008605957,383.274019241333,0.00016480940531186233,0.00043892188907873836,-0.000274112483766876,其他,std
queue_sunk_cost_age_cancel_5m|lh,904.6700010299683,762.3989000320435,0.0005977611313214748,0.000873092222885347,-0.00027533109156387223,撤单/犹豫,lh
failed_breakout_doubling_5m|mean,338.91500091552734,436.46619510650635,0.0002239382472486487,0.0004998370806723785,-0.0002758988334237299,其他,mean
double_confirmation_lag_chase_5m|lh,668.0608062744141,628.1275014877319,0.00044142149390991216,0.0007193258496389401,-0.00027790435572902793,其他,lh
normalcy_bias_delayed_surge_5m|lh,310.3438014984131,421.9081001281738,0.0002050598137122857,0.0004831652839199513,-0.0002781054702076656,情绪/行为偏差,lh
control_premium_on_spread_5m|std,335.17749977111816,438.44339752197266,0.00022146869159868373,0.0005021013547314586,-0.0002806326631327749,流动性/枯竭,std
soc_avalanche_5m|std,197.87859916687012,359.57590103149414,0.00013074837804683502,0.00041178302161033265,-0.0002810346435634976,其他,std
group_polarization_drift_5m|lh,376.29229831695557,462.549298286438,0.00024863531419568985,0.0005297072110387226,-0.0002810718968430327,其他,lh
signed_vol_flow_coupling_5m|lh,2400.343011856079,1631.199499130249,0.0015860277810617438,0.0018680346949677335,-0.00028200691390598974,其他,lh
loud_tape_quiet_book_divergence_5m|lh,306.19740104675293,425.09899711608887,0.00020232007765154044,0.00048681946986389724,-0.0002844993922123568,其他,lh
sunk_cost_wall_refill_escalation_5m|std,326.3222999572754,437.10709953308105,0.00021561761413090662,0.0005005710385393582,-0.00028495342440845164,其他,std
slam_absorption_5m|std,276.8701992034912,409.15919399261475,0.00018294211515431752,0.00046856535362521445,-0.00028562323847089693,其他,std
cancel_submit_ratio_asym_5m|std,365.0933017730713,460.0825996398926,0.00024123557192932087,0.0005268823703884933,-0.00028564679845917245,撤单/犹豫,std
hurst_flow_5m|std,78.58419990539551,295.34619998931885,5.192454727797044e-05,0.00033822775748833933,-0.0002863032102103689,其他,std
costly_entry_loyalty_5m|std,332.73569679260254,442.1809959411621,0.0002198552691250305,0.0005063816181367781,-0.00028652634901174756,其他,std
orderflow_leadlag_leader_score_5m|lh,198.57760047912598,365.2184009552002,0.00013121024349471496,0.00041824476073510297,-0.00028703451724038803,其他,lh
rubberneck_liquidity_degradation_5m|std,1144.1675930023193,910.8546981811523,0.0007560092785609886,0.0010431024403722508,-0.0002870931618112622,流动性/枯竭,std
double_confirmation_lag_chase_5m|std,304.7494020462036,426.6198978424072,0.0002013633116266526,0.0004885611914165823,-0.0002871978797899297,其他,std
synchronized_queue_pull_5m|mean,177.852201461792,354.82920360565186,0.00011751592628558254,0.0004063471472842828,-0.00028883122099870027,羊群/同步,mean
monotone_tick_cascade_5m|lh,433.10670471191406,502.8258981704712,0.0002861754601089436,0.0005758316035601917,-0.00028965614345124807,其他,lh
ultimatum_greedy_ask_rejection_5m|mean,405.3951950073242,487.5042972564697,0.0002678650669569849,0.0005582854468178282,-0.00029042037986084336,其他,mean
aggressive_arrival_quickening_5m|lh,557.9910039901733,575.5731983184814,0.00036869281995935497,0.0006591411440021628,-0.0002904483240428078,侵略性/主动,lh
best_queue_survival_halflife_diff_5m|std,130.07600021362305,328.73309898376465,8.594777870045898e-05,0.0003764621277859409,-0.0002905143490854819,队列/排队,std
frictionless_compulsive_reentry_5m|lh,134.32309913635254,331.6673994064331,8.875405132361949e-05,0.00037982246169845484,-0.00029106841037483536,其他,lh
retail_chase_5m|std,275.43160247802734,413.25940227508545,0.00018199156168714206,0.0004732608745178663,-0.00029126931283072425,大单/分单,std
dist_into_strength_5m|std,2568.3859910964966,1738.5446033477783,0.0016970622591222753,0.00199096532308538,-0.00029390306396310465,其他,std
hurst_flow_5m|lh,438.2052984237671,509.9327983856201,0.0002895443583169929,0.0005839703604581986,-0.0002944260021412057,其他,lh
decoy_dominance_pull_5m|std,608.5889987945557,608.4313020706177,0.00040212546897217856,0.0006967699428416473,-0.0002946444738694687,其他,std
cross_order_intensity_5m|lh,176.59399890899658,359.58280086517334,0.00011668456835337048,0.00041179092323653414,-0.00029510635488316366,其他,lh
tonic_immobility_freeze_5m|lh,430.458402633667,506.2262992858887,0.0002844255932574158,0.0005797257117080875,-0.00029530011845067176,其他,lh
ob_entropy_shift_5m|mean,354.23090171813965,462.5163974761963,0.00023405823595232377,0.0005296695333328032,-0.0002956112973804795,其他,mean
exit_vs_voice_under_stress_5m|lh,481.2978992462158,537.173300743103,0.0003180178147042777,0.0006151659337398609,-0.0002971481190355832,其他,lh
foot_in_door_size_escalation_5m|std,167.40939807891846,356.5404996871948,0.00011061583900822468,0.0004083069078502891,-0.0002976910688420644,大单/分单,std
size_price_position_coupling_5m|lh,376.2501001358032,478.86890029907227,0.0002486074317275229,0.0005483962694794105,-0.0002997888377518876,队列/排队,lh
vol_of_vol_acceleration_5m|std,248.46610355377197,405.5289030075073,0.00016417409551134374,0.0004644079777085193,-0.00030023388219717556,其他,std
perishable_opportunity_urgency_5m|lh,929.880708694458,799.1571044921875,0.0006144191183419167,0.000915187381259831,-0.0003007682629179143,其他,lh
run_length_reversal_continuation_skew_5m|mean,328.86899757385254,452.43359565734863,0.00021730034578630106,0.0005181228012315893,-0.0003008224554452882,其他,mean
price_level_occupancy_5m|mean,342.0388984680176,460.61840057373047,0.0002260023640348613,0.0005274959647002492,-0.0003014936006653879,队列/排队,mean
premature_closure_persistence_5m|lh,449.0493984222412,522.5888042449951,0.0002967096025230251,0.0005984639022093046,-0.0003017542996862795,其他,lh
tit_for_tat_retaliation_5m|mean,944.4849967956543,808.6143016815186,0.0006240689086163558,0.0009260176766812319,-0.00030194876806487604,其他,mean
chase_loss_aggression_escalation_5m|lh,301.55089950561523,439.2198009490967,0.00019924989955924684,0.0005029904848102338,-0.00030374058525098693,侵略性/主动,lh
supernormal_stimulus_overresponse_5m|lh,341.4645004272461,463.3126974105835,0.00022562283025758396,0.0005305814487090824,-0.00030495861845149843,其他,lh
audience_contingent_display_5m|mean,638.1679010391235,635.2087993621826,0.0004216697426286834,0.0007274352869713623,-0.0003057655443426789,其他,mean
exec_backloading_buy_5m|lh,284.19849967956543,432.78289794921875,0.00018778429316204908,0.0004956190025738027,-0.0003078347094117536,其他,lh
chase_loss_aggression_escalation_5m|std,319.1695976257324,453.40600299835205,0.00021089146268027698,0.0005192363931935806,-0.00030834493051330367,侵略性/主动,std
quoteless_price_discovery_5m|lh,156.79619979858398,359.76300048828125,0.00010360316322172901,0.0004119972861910135,-0.00030839412296928447,其他,lh
slam_recovery_ratio_5m|lh,273.38700103759766,427.06460189819336,0.0001806405903177573,0.0004890704624196965,-0.0003084298721019392,其他,lh
normalcy_bias_delayed_surge_5m|std,408.6284999847412,505.172399520874,0.0002700014747509956,0.0005785187953700705,-0.00030851732061907487,情绪/行为偏差,std
tonic_immobility_freeze_5m|mean,580.2337017059326,605.4195022583008,0.00038338969300154334,0.0006933208573394109,-0.0003099311643378676,其他,mean
rubberneck_liquidity_degradation_5m|mean,402.31809997558594,503.6180019378662,0.0002658318749585087,0.0005767387135245446,-0.0003109068385660359,流动性/枯竭,mean
aggr_penetration_depth_5m|lh,447.22889709472656,529.6109943389893,0.00029550670540930574,0.0006065056498540496,-0.00031099894444474387,流动性/枯竭,lh
spike_triggered_lottery_buy_rush_5m|std,456.950101852417,535.704999923706,0.00030192999605357267,0.0006134844491178109,-0.00031155445306423827,其他,std
cascade_saturation_5m|lh,305.30580043792725,450.1839017868042,0.00020173095212730314,0.0005155464724591283,-0.0003138155203318252,其他,lh
fractional_reserve_liq_5m|std,261.4843997955322,426.23339653015137,0.00017277594091407963,0.00048811857366116404,-0.0003153426327470844,其他,std
freeze_after_shock_5m|mean,587.0559005737305,615.0972023010254,0.00038789746413209046,0.0007044036706047041,-0.0003165062064726136,其他,mean
flight_return_hysteresis_5m|std,491.185998916626,559.7880010604858,0.00032455138124110825,0.0006410640809816261,-0.0003165126997405179,其他,std
large_order_cancel_rate_5m|std,749.7372035980225,709.2280941009521,0.0004953892120953692,0.0008122015039440805,-0.0003168122918487113,撤单/犹豫,std
tolerance_escalation_dose_slope_5m|mean,289.1236000061035,443.9168977737427,0.00019103855553364468,0.0005083695569830367,-0.000317331001449392,其他,mean
dominant_actor_share_5m|std,266.12049770355225,431.2650022506714,0.00017583924480086714,0.0004938807223513402,-0.0003180414775504731,其他,std
survival_under_adverse_5m|std,614.8260011672974,632.8007974624634,0.0004062465712416693,0.0007246776652968692,-0.0003184310940551999,其他,std
fomo_small_order_surge_5m|mean,420.95930099487305,521.2607946395874,0.00027814905735407147,0.0005969430777978977,-0.0003187940204438263,其他,mean
trickle_down_elite_exit_5m|lh,305.54440116882324,455.46930503845215,0.000201888607673162,0.0005215992677525538,-0.0003197106600793918,其他,lh
passive_fill_adverse_markout_5m|lh,352.35939598083496,483.2856025695801,0.00023282163765069752,0.0005534542363823248,-0.0003206325987316273,其他,lh
freeze_after_shock_5m|lh,565.7551002502441,606.8396005630493,0.00037382295023760545,0.0006949471408840966,-0.00032112419064649116,其他,lh
best_queue_survival_halflife_diff_5m|lh,679.1526031494141,673.0342950820923,0.00044875040394433294,0.0007707526975007427,-0.00032200229355640976,队列/排队,lh
cancel_size_asymmetry_5m|lh,502.0568962097168,571.8551998138428,0.0003317343317722404,0.0006548833262390955,-0.0003231489944668551,撤单/犹豫,lh
vol_regime_switch_flow_sign_5m|mean,333.27379989624023,477.54830169677734,0.00022021082100541988,0.0005468839320807488,-0.00032667311107532893,其他,mean
synchronized_queue_pull_5m|std,214.88230323791504,409.6637945175171,0.00014198358355889076,0.00046914321751502015,-0.0003271596339561294,羊群/同步,std
slam_churn_5m|std,155.20190048217773,375.4270029067993,0.00010254972919390113,0.000429935557993728,-0.00032738582879982686,其他,std
house_money_bet_escalation_5m|mean,707.2920989990234,694.3691987991333,0.00046734358914416054,0.0007951852334219951,-0.00032784164427783453,其他,mean
unraveling_cascade_chain_5m|mean,384.43269634246826,508.7711019515991,0.00025401408604354333,0.0005826399963642122,-0.00032862591032066887,其他,mean
quorum_cascade_ignition_5m|std,261.99620056152344,439.00989818573,0.00017311411351242134,0.0005027501060921507,-0.0003296359925797294,其他,std
present_bias_convexity_5m|mean,438.2619981765747,541.2981986999512,0.0002895818227054941,0.0006198897290210036,-0.0003303079063155095,情绪/行为偏差,mean
trade_to_order_rhythm_lag_5m|lh,288.226900100708,455.628999710083,0.0001904460606467856,0.0005217821486247997,-0.0003313360879780141,其他,lh
cancel_submit_ratio_asym_5m|mean,593.9016017913818,632.2990980148315,0.0003924207644514259,0.0007241031236941271,-0.0003316823592427012,撤单/犹豫,mean
critical_slowing_5m|lh,602.3462991714478,637.6957988739014,0.00039800060224181205,0.0007302833759860631,-0.00033228277374425106,其他,lh
zero_price_aggression_jump_5m|std,271.063196182251,447.22030448913574,0.0001791051351598313,0.0005121525880342563,-0.00033304745287442497,侵略性/主动,std
decisive_point_conc_5m|mean,514.2216053009033,588.8076972961426,0.00033977216906126907,0.0006742971707628183,-0.00033452500170154923,其他,mean
costly_entry_loyalty_5m|mean,349.0454969406128,493.8329973220825,0.0002306319772915466,0.0005655330160470445,-0.00033490103875549786,其他,mean
slam_absorption_5m|lh,257.3302974700928,441.4425983428955,0.00017003111583658974,0.0005055360119843863,-0.0003355048961477965,其他,lh
sniper_liquidity_pounce_5m|std,718.195803642273,712.0636005401611,0.00047454821714743635,0.0008154486998934853,-0.0003409004827460489,流动性/枯竭,std
positional_queue_jump_chain_5m|std,587.0166072845459,637.2251024246216,0.0003878715010726659,0.0007297443387324828,-0.00034187283765981684,队列/排队,std
spike_triggered_lottery_buy_rush_5m|lh,605.2111015319824,648.0467987060547,0.00039989352175732155,0.000742137245990546,-0.00034224372423322444,其他,lh
buy_reach_escalation_5m|lh,267.5242967605591,453.2747974395752,0.0001767668056921414,0.0005190861377918971,-0.00034231933209975574,其他,lh
orderflow_leadlag_leader_score_5m|std,308.62789821624756,477.04509925842285,0.0002039260298065325,0.0005463076692668259,-0.00034238163946029337,其他,std
foot_in_door_size_escalation_5m|lh,159.57390213012695,392.37420177459717,0.0001054385313518616,0.0004493433345927548,-0.0003439048032408932,大单/分单,lh
clock_grid_alignment_5m|lh,273.22620010375977,459.26090145111084,0.00018053434102462384,0.000525941369164391,-0.0003454070281397672,其他,lh
chase_loss_aggression_escalation_5m|mean,314.13850021362305,486.5367012023926,0.00020756716268422636,0.0005571773646974661,-0.0003496102020132397,侵略性/主动,mean
order_footprint_persistence_5m|mean,537.1135025024414,616.0563039779663,0.0003548980009709236,0.0007055020250423328,-0.00035060402407140917,其他,mean
survival_under_adverse_5m|lh,416.0250988006592,547.3939018249512,0.00027488878091910156,0.000626870472292317,-0.0003519816913732154,其他,lh
monotone_tick_cascade_5m|std,157.06069946289062,398.790997505188,0.0001037779315000958,0.0004566917901689463,-0.0003529138586688505,其他,std
scarcity_panic_buy_elasticity_5m|mean,173.88980102539062,409.08299446105957,0.00011489776832199872,0.00046847809062105014,-0.0003535803222990514,其他,mean
adverse_move_cancel_asymmetry_5m|lh,273.5694999694824,467.9573001861572,0.00018076117657336895,0.0005359004051786873,-0.00035513922860531835,撤单/犹豫,lh
chain_migration_arrival_acceleration_5m|mean,364.9350004196167,520.734206199646,0.0002411309742351086,0.0005963400335495982,-0.0003552090593144896,侵略性/主动,mean
trade_price_reveal_5m|std,507.1895999908447,603.5829982757568,0.0003351257682247059,0.0006912177098343585,-0.00035609194160965267,其他,std
info_decoupled_cascade_5m|mean,330.8647994995117,502.66510486602783,0.00021861907285320652,0.0005756474645437324,-0.00035702839169052584,其他,mean
first_responder_counterflow_5m|mean,709.1904973983765,721.2340097427368,0.00046859795678496236,0.0008259505683446446,-0.0003573526115596822,其他,mean
double_down_to_save_face_5m|std,467.1628942489624,581.8532009124756,0.00030867810346286,0.0006663329453338352,-0.0003576548418709752,情绪/行为偏差,std
feigned_retreat_trap_5m|mean,192.27379894256592,424.1555013656616,0.0001270450036461181,0.00048573898719007805,-0.0003586939835439599,撤单/犹豫,mean
cross_order_intensity_5m|mean,98.31629848480225,370.5659999847412,6.496254075265658e-05,0.0004243687820625278,-0.0003594062413098712,其他,mean
queue_sunk_cost_age_cancel_5m|std,1085.726502418518,940.4517078399658,0.0007173943003001182,0.0010769966641869578,-0.0003596023638868396,撤单/犹豫,std
exit_crush_5m|lh,416.01879692077637,554.3238010406494,0.0002748846169489866,0.0006348065292702994,-0.00035992191232131276,其他,lh
fire_sale_contagion_5m|mean,541.8376007080078,628.5107002258301,0.00035801945109596164,0.0007197646853167446,-0.0003617452342207829,其他,mean
competitive_sweep_winner_overpay_5m|std,197.91069793701172,431.0428991317749,0.00013076958732439702,0.0004936263718980815,-0.0003628567845736845,侵略性/主动,std
hysteresis_loop_5m|lh,321.7996997833252,503.0804977416992,0.00021262930392561925,0.0005761231686524023,-0.000363493864726783,其他,lh
queue_emptying_ratio_5m|mean,477.35729789733887,593.2292995452881,0.0003154140604980922,0.0006793607490762957,-0.00036394668857820354,队列/排队,mean
lifetime_tail_hazard_shape_5m|lh,463.50000381469727,586.3582019805908,0.0003062578468749328,0.0006714920312093478,-0.000365234184334415,大单/分单,lh
relative_overtake_chase_5m|mean,486.7637948989868,599.8838024139404,0.00032162940784361655,0.0006869814246852773,-0.00036535201684166076,其他,mean
control_premium_on_spread_5m|lh,366.1844005584717,530.6320991516113,0.0002419565159681437,0.0006076750097135845,-0.0003657184937454408,流动性/枯竭,lh
quoteless_price_discovery_5m|mean,249.06039810180664,463.52639961242676,0.00016456677591521136,0.0005308261785092369,-0.0003662594025940255,其他,mean
cancel_submit_ratio_sell_5m|std,389.2303009033203,545.2600021362305,0.0002571841055276237,0.0006244267499541011,-0.0003672426444264774,撤单/犹豫,std
aggressive_arrival_quickening_5m|std,445.1804008483887,579.3131008148193,0.00029415316054507394,0.0006634240460154853,-0.00036927088547041134,侵略性/主动,std
bilateral_liquidity_flight_5m|std,191.5536003112793,433.65610122680664,0.00012656913205965682,0.0004966189869528829,-0.0003700498548932261,流动性/枯竭,std
hot_hand_streak_chase_5m|mean,399.36050033569336,553.5758018493652,0.00026387763959674653,0.0006339499274617091,-0.00037007228786496254,其他,mean
exit_vs_voice_under_stress_5m|std,284.7261962890625,488.41289615631104,0.0001881329689465101,0.0005593259659386459,-0.0003711929969921358,其他,std
ultimatum_greedy_ask_rejection_5m|std,356.18860244750977,530.2067985534668,0.0002353517876357496,0.0006071879593720732,-0.00037183617173632363,其他,std
chain_migration_arrival_acceleration_5m|lh,316.7275972366333,508.0292024612427,0.0002092779097674873,0.0005817903798771402,-0.0003725124701096529,侵略性/主动,lh
signed_vol_flow_coupling_5m|std,489.21570205688477,610.5504999160767,0.00032324950665857854,0.0006991968287638959,-0.0003759473221053173,其他,std
phantom_jam_amplification_5m|std,573.7738990783691,659.7323970794678,0.00037912137535823744,0.0007555194859952992,-0.00037639811063706175,其他,std
realized_vol_5m|std,7489.705560684204,4654.50498008728,0.004948826493773637,0.005330296383329672,-0.00038146988955603447,其他,std
cornered_desperation_5m|lh,93.31470108032227,387.4433994293213,6.165773290060815e-05,0.000443696625002717,-0.00038203889210210884,其他,lh
single_order_footprint_regret_5m|lh,379.4271984100342,552.8978996276855,0.00025070670091580327,0.0006331736000593474,-0.0003824668991435441,情绪/行为偏差,lh
left_digit_barrier_buy_asym_5m|mean,507.77470207214355,627.027702331543,0.00033551237470182745,0.0007180663697394228,-0.0003825539950375954,其他,mean
refill_latency_asymmetry_5m|std,457.94740295410156,598.7027006149292,0.00030258896322848993,0.00068562883774541,-0.0003830398745169201,其他,std
escape_queue_asym_5m|std,228.9415988922119,467.3228950500488,0.00015127326981611994,0.000535173890239498,-0.0003839006204233781,队列/排队,std
vulnerable_fraction_5m|std,188.9228982925415,445.226601600647,0.0001248308944557791,0.0005098694177849151,-0.000385038523329136,其他,std
feigned_retreat_trap_5m|lh,289.67530059814453,503.71310234069824,0.00019140309196093166,0.0005768476216330196,-0.00038544452967208796,撤单/犹豫,lh
escape_queue_asym_5m|mean,266.2607021331787,490.21259593963623,0.00017593188494409548,0.0005613869656125483,-0.00038545508066845286,队列/排队,mean
draft_behind_large_order_5m|lh,414.6470012664795,575.893593788147,0.0002739782023211988,0.0006595080579533777,-0.00038552985563217895,其他,lh
control_premium_on_spread_5m|mean,283.8258991241455,500.9196996688843,0.00018753809716871977,0.0005736486425315998,-0.00038611054536288,流动性/枯竭,mean
price_level_occupancy_5m|lh,483.2770023345947,616.8151054382324,0.0003193255080065474,0.0007063709975102161,-0.00038704548950366875,队列/排队,lh
leader_hesitation_contagion_5m|mean,513.7651987075806,636.732099533081,0.0003394705981887337,0.0007291797563459579,-0.0003897091581572242,撤单/犹豫,mean
vol_regime_switch_flow_sign_5m|lh,320.0776996612549,525.0645999908447,0.00021149149153001362,0.0006012991607741623,-0.00038980766924414875,其他,lh
fluct_dissip_5m|lh,443.4301013946533,596.5045032501221,0.00029299664935267776,0.0006831114822986753,-0.00039011483294599755,其他,lh
flight_to_safety_flow_beta_asym_5m|mean,237.11240196228027,480.2750015258789,0.00015667213181155294,0.0005500065236989048,-0.00039333439188735185,其他,mean
trade_price_reveal_5m|lh,745.760401725769,774.0778951644897,0.0004927615383762305,0.0008864669009191507,-0.0003937053625429202,其他,lh
cue_revisit_relapse_surge_5m|lh,264.8120002746582,497.79039573669434,0.00017497465450547054,0.0005700649923897584,-0.00039509033788428784,其他,lh
board_inventory_depletion_urgency_5m|mean,552.5503015518188,668.3184986114502,0.00036509787324836467,0.0007653522106649737,-0.00040025433741660904,涨跌停/封板,mean
board_inventory_depletion_urgency_5m|lh,160.6620979309082,443.5275020599365,0.00010615755724222351,0.0005079236245855282,-0.0004017660673433047,涨跌停/封板,lh
drip_surcharge_neglect_5m|lh,751.9423027038574,788.4109964370728,0.000496846232373127,0.0009028810369447856,-0.00040603480457165853,其他,lh
panic_euphoria_reaction_asym_5m|std,253.02810096740723,502.0653066635132,0.00016718843746139797,0.0005749605811472662,-0.0004077721436858682,其他,std
best_queue_survival_halflife_mean_5m|lh,318.54629707336426,540.4256992340088,0.00021047961654531872,0.0006188905506405601,-0.0004084109340952414,队列/排队,lh
retail_chase_5m|mean,695.8401012420654,758.8140068054199,0.00045977667620651863,0.000868986836064999,-0.00040921015985848037,大单/分单,mean
headline_vs_allin_elasticity_5m|std,436.71969985961914,612.0928916931152,0.00028856274836266304,0.0007009631616706172,-0.00041240041330795415,其他,std
queue_position_adverse_fill_5m|std,424.66090393066406,606.3294019699097,0.0002805948932457029,0.0006943628661379256,-0.00041376797289222273,队列/排队,std
tonic_immobility_freeze_5m|std,494.92520809173584,646.9056997299194,0.000327022065473167,0.0007408304699162832,-0.00041380840444311625,其他,std
l1_quote_flicker_replenish_5m|mean,245.69949913024902,506.41239738464355,0.0001623460603291875,0.0005799388295427406,-0.0004175927692135531,其他,mean
order_aggression_ratio_orders_5m|lh,622.4911880493164,728.1239051818848,0.0004113113471015626,0.0008338408133648832,-0.00042252946626332064,侵略性/主动,lh
resistance_absorption_break_5m|std,986.1284990310669,938.839298248291,0.0006515848724264612,0.001075150147521551,-0.0004235652750950897,其他,std
queue_sunk_cost_age_cancel_5m|mean,832.0672969818115,853.1577997207642,0.0005497888602619565,0.0009770284818077077,-0.0004272396215457512,撤单/犹豫,mean
bandwagon_breadth_acceleration_5m|mean,369.57360076904297,588.1938991546631,0.0002441959316112396,0.0006735942547647434,-0.0004293983231535038,其他,mean
cascade_saturation_5m|std,248.0416021347046,520.0974006652832,0.00016389360599779692,0.0005956107696963593,-0.0004317171636985624,其他,std
bandwagon_breadth_acceleration_5m|std,402.93310260772705,611.0625047683716,0.0002662382382387499,0.0006997831720214734,-0.0004335449337827235,其他,std
order_size_bimodality_5m|std,317.3468017578125,567.2934017181396,0.000209687049447899,0.0006496591969288825,-0.00043997214748098354,大单/分单,std
cornered_desperation_5m|mean,245.19379711151123,526.2852001190186,0.00016201191748097977,0.0006026969808380641,-0.00044068506335708435,其他,mean
intraframe_vol_leakage_5m|lh,319.7070026397705,569.9419975280762,0.00021124655329763306,0.0006526923445411431,-0.00044144579124351,其他,lh
panic_euphoria_reaction_asym_5m|lh,301.1291027069092,561.7277984619141,0.00019897119712488376,0.0006432855191619396,-0.0004443143220370559,其他,lh
burst_homog_5m|std,215.4134006500244,515.5039072036743,0.00014233450642528732,0.0005903503431440166,-0.00044801583671872925,其他,std
escape_queue_asym_5m|lh,130.16320037841797,466.9705972671509,8.600539625061526e-05,0.0005347704420519744,-0.00044876504580135913,队列/排队,lh
bandwagon_breadth_acceleration_5m|lh,164.29619979858398,486.95739936828613,0.00010855879177115248,0.0005576591443758055,-0.00044910035260465307,其他,lh
lemon_sell_into_strength_5m|std,227.01090240478516,527.7165050506592,0.00014999756119833812,0.0006043360981090102,-0.00045433853691067205,其他,std
vol_of_vol_acceleration_5m|lh,177.64699935913086,499.3592014312744,0.00011738033889913597,0.0005718615742724166,-0.00045448123537328067,其他,lh
adverse_move_cancel_asymmetry_5m|mean,298.6686010360718,569.7141027450562,0.00019734541948142963,0.000652431361527287,-0.0004550859420458574,撤单/犹豫,mean
open_anchor_sell_pressure_5m|mean,510.2096996307373,691.8370990753174,0.0003371213004910466,0.0007922854960583382,-0.00045516419556729156,情绪/行为偏差,mean
liq_percolation_5m|lh,544.4456939697266,712.7898082733154,0.0003597427499529393,0.0008162803463242311,-0.0004565375963712918,其他,lh
ob_entropy_shift_5m|lh,316.72970390319824,583.9666013717651,0.00020927930174841707,0.0006687531921426521,-0.00045947389039423497,其他,lh
unraveling_cascade_chain_5m|std,494.6949043273926,690.0193042755127,0.00032686989215188446,0.0007902037741376426,-0.00046333388198575815,其他,std
open_anchor_sell_pressure_5m|std,212.16669940948486,531.1898984909058,0.00014018924704407848,0.000608313796397364,-0.00046812454935328556,情绪/行为偏差,std
exec_backloading_sell_5m|mean,334.77140045166016,602.3799934387207,0.00022120036128116274,0.0006898400397363749,-0.00046863967845521223,其他,mean
lifetime_tail_hazard_shape_5m|std,691.7496032714844,810.8810949325562,0.0004570738777366026,0.0009286135875072925,-0.0004715397097706899,大单/分单,std
silence_then_burst_5m|lh,610.9833974838257,765.8830890655518,0.0004037075690392784,0.0008770822841880203,-0.0004733747151487419,其他,lh
going_once_urgency_rush_5m|std,321.9376983642578,600.5410013198853,0.0002127204865532792,0.0006877340428404781,-0.00047501355628719885,其他,std
leader_hesitation_contagion_5m|lh,284.47429752349854,583.2306976318359,0.00018796652671795102,0.0006679104419339393,-0.00047994391521598826,撤单/犹豫,lh
tolerance_escalation_dose_slope_5m|lh,247.18720054626465,563.362907409668,0.00016332905974388416,0.0006451580309215896,-0.00048182897117770543,其他,lh
decisive_point_conc_5m|std,252.66600036621094,567.5661067962646,0.0001669491793177911,0.000649971496281416,-0.0004830223169636249,其他,std
quote_lead_trade_score_5m|mean,475.37829875946045,696.1028022766113,0.0003141064358811649,0.0007971705402130849,-0.00048306410433192,其他,mean
conspicuous_overpay_when_cheap_5m|lh,493.86119747161865,707.2084999084473,0.00032631901995237465,0.000809888683211015,-0.0004835696632586404,情绪/行为偏差,lh
l1_cancel_churn_5m|std,2767.762706756592,2019.9888954162598,0.001828800518351002,0.002313272743216935,-0.00048447222486593285,撤单/犹豫,std
cancel_submit_ratio_buy_5m|lh,1147.412103652954,1085.90389919281,0.0007581530905088811,0.0012435671787384113,-0.0004854140882295302,撤单/犹豫,lh
sunk_cost_wall_refill_escalation_5m|mean,334.7606029510498,618.8006992340088,0.00022119322682752446,0.0007086448813010097,-0.00048745165447348525,其他,mean
aggression_regime_switch_5m|mean,248.08370113372803,569.2272996902466,0.00016392142293132527,0.0006518738791368833,-0.00048795245620555797,侵略性/主动,mean
accum_aggr_5m|lh,513.0193996429443,724.6580991744995,0.00033897781110382106,0.0008298718041350034,-0.0004908939930311823,侵略性/主动,lh
single_id_drip_footprint_5m|mean,295.7239007949829,604.3721942901611,0.00019539970740353174,0.0006921214898666743,-0.0004967217824631426,其他,mean
cancel_driven_vol_fraction_5m|std,409.19700050354004,670.4986991882324,0.00027037711173783847,0.0007678489563552399,-0.0004974718446174014,撤单/犹豫,std
supply_withdrawal_under_demand_5m|std,558.1581916809082,757.481294631958,0.0003688032893051307,0.0008674606263158175,-0.0004986573370106867,撤单/犹豫,std
commitment_ratchet_lockin_5m|lh,264.7393989562988,590.5291919708252,0.00017492668315000553,0.0006762686106640836,-0.0005013419275140781,其他,lh
impact_susceptibility_5m|lh,268.27459812164307,592.6552982330322,0.0001772625676715626,0.0006787034080417855,-0.0005014408403702229,侵略性/主动,lh
near_miss_retry_surge_5m|lh,255.10000228881836,588.1407976150513,0.00016855744724006107,0.0006735334433689553,-0.0005049759961288942,其他,lh
silence_then_burst_5m|std,234.0787010192871,576.633204460144,0.00015466761247775164,0.0006603550533066717,-0.0005056874408289201,其他,std
liquidity_vacuum_jump_share_5m|lh,526.2630977630615,746.7992992401123,0.0003477285909043542,0.0008552277032343104,-0.0005074991123299561,流动性/枯竭,lh
passive_fill_adverse_markout_5m|mean,753.3394012451172,878.0035943984985,0.0004977693658954503,0.0010054816578335705,-0.0005077122919381202,其他,mean
queue_jump_abandonment_5m|mean,8725.773362159729,5480.5751123428345,0.005765558878575663,0.006276304316971603,-0.0005107454383959402,撤单/犹豫,mean
failed_breakout_doubling_5m|std,262.8542022705078,605.6807985305786,0.0001736810385476876,0.0006936200914322003,-0.0005199390528845127,其他,std
critical_slowing_5m|std,251.31189918518066,599.375599861145,0.0001660544563215882,0.0006863994357861886,-0.0005203449794646004,其他,std
positional_queue_jump_chain_5m|mean,605.5862998962402,805.8980073928833,0.00040014143425407,0.0009229070013925141,-0.0005227655671384441,队列/排队,mean
drawdown_concentration_5m|std,338.43600368499756,652.0400953292847,0.00022362174960188758,0.0007467103326322894,-0.0005230885830304018,其他,std
kyle_side_asym_5m|std,877.8463001251221,963.6233968734741,0.0005800373582541078,0.0011035326697942894,-0.0005234953115401816,其他,std
double_down_to_save_face_5m|mean,214.55150032043457,583.0701999664307,0.00014176500537461094,0.000667726641480593,-0.000525961636105982,情绪/行为偏差,mean
quote_lead_trade_score_5m|lh,242.79730224609375,602.7900018692017,0.0001604284323644985,0.0006903095776278322,-0.0005298811452633338,其他,lh
buy_sell_order_size_asym_5m|lh,611.1108016967773,815.7188997268677,0.000403791751433281,0.0009341537971555139,-0.0005303620457222328,大单/分单,lh
rejection_cascade_sell_followthrough_5m|mean,692.4484996795654,864.2502994537354,0.0004575356738689994,0.0009897315106929905,-0.000532195836823991,其他,mean
attn_sync_swarm_5m|std,221.87800216674805,595.4640045166016,0.0001466059949368769,0.0006819199126989283,-0.0005353139177620514,羊群/同步,std
counter_signal_elite_contrarian_5m|std,209.66060256958008,593.3499984741211,0.00013853334237108486,0.0006794989723817993,-0.0005409656300107144,其他,std
narrative_sign_attention_asym_5m|std,381.7551956176758,696.9463977813721,0.0002522449261724922,0.0007981366180424688,-0.0005458916918699766,其他,std
cancel_vs_trend_asym_5m|mean,685.7026977539062,873.1545076370239,0.00045307838205412574,0.000999928528180102,-0.0005468501461259763,撤单/犹豫,mean
order_lifetime_tail_5m|std,666.5515060424805,865.3231992721558,0.00044042422306737596,0.0009909601857177822,-0.0005505359626504062,大单/分单,std
near_miss_retry_surge_5m|mean,205.87460136413574,604.8063983917236,0.00013603174028283799,0.000692618736418582,-0.0005565869961357441,其他,mean
rival_crossing_count_5m|std,688.8686017990112,885.3959035873413,0.00045517025465021337,0.001013947262468718,-0.0005587770078185046,其他,std
buy_sell_order_size_asym_5m|std,169.62929916381836,589.42919921875,0.00011208263970065482,0.0006750089090603342,-0.0005629262693596794,大单/分单,std
frictionless_compulsive_reentry_5m|mean,260.4493007659912,642.1674003601074,0.0001720919987404431,0.0007354042129669205,-0.0005633122142264774,其他,mean
vol_regime_switch_flow_sign_5m|std,694.7162990570068,893.5132942199707,0.0004590341233808945,0.0010232432237183646,-0.0005642091003374701,其他,std
cancel_timed_adverse_avoidance_5m|lh,555.9255046844482,818.1929941177368,0.0003673280403155862,0.0009369871073442633,-0.000569659067028677,撤单/犹豫,lh
flight_return_hysteresis_5m|lh,467.49149894714355,767.5676021575928,0.00030889522917269753,0.0008790113731202679,-0.0005701161439475704,其他,lh
house_money_bet_escalation_5m|std,179.225998878479,601.657096862793,0.00011842366357881699,0.0006890121852124946,-0.0005705885216336776,其他,std
size_ladder_geometry_5m|std,437.07309913635254,751.5313987731934,0.00028879625710201315,0.000860646860187552,-0.0005718506030855388,大单/分单,std
spike_triggered_lottery_buy_rush_5m|mean,343.2665023803711,697.5121994018555,0.00022681350390092036,0.0007987845688652196,-0.0005719710649642992,其他,mean
third_party_spoof_punishment_5m|lh,352.18000316619873,706.987696647644,0.0002327031037635278,0.0008096358213433144,-0.0005769327175797866,其他,lh
feint_cross_side_divergence_5m|lh,238.3267002105713,642.792896270752,0.00015747447995378573,0.000736120525142879,-0.0005786460451890933,其他,lh
trickle_down_elite_exit_5m|std,516.3501987457275,811.824294090271,0.0003411786381873073,0.0009296937305258596,-0.0005885150923385523,其他,std
new_high_landmark_echo_5m|mean,543.2436008453369,829.069504737854,0.0003589484663521005,0.0009494427874798918,-0.0005904943211277914,其他,mean
iceberg_reload_rate_5m|mean,377.900203704834,734.7367992401123,0.00024969773844168216,0.0008414138389460594,-0.0005917161005043772,其他,mean
public_commitment_wall_stickiness_5m|lh,310.32169818878174,700.7826976776123,0.00020504520893998624,0.0008025299134734072,-0.000597484704533421,其他,lh
passive_fill_adverse_markout_5m|std,633.3203010559082,895.9059057235718,0.00041846668864561583,0.0010259832204524788,-0.000607516531806863,其他,std
size_assortative_matching_5m|lh,160.18029880523682,623.334698677063,0.00010583920824192159,0.0007138371758493501,-0.0006079979676074285,大单/分单,lh
cancel_vs_trend_asym_5m|lh,461.3877992630005,798.6476993560791,0.0003048622067177847,0.0009146040151733697,-0.000609741808455585,撤单/犹豫,lh
cancel_driven_vol_fraction_5m|lh,498.7737989425659,824.3988962173462,0.00032956502369922344,0.0009440940494698736,-0.0006145290257706502,撤单/犹豫,lh
passive_order_conc_5m|std,139.71789741516113,617.3494033813477,9.231866683946542e-05,0.000706982870610791,-0.0006146642037713256,其他,std
flight_to_safety_flow_beta_asym_5m|lh,220.3218994140625,667.694896697998,0.00014557779930660423,0.0007646380674772165,-0.0006190602681706123,其他,lh
resistance_absorption_break_5m|mean,1027.900990486145,1135.7272033691406,0.0006791860659245056,0.0013006243693940863,-0.0006214383034695807,其他,mean
cancel_size_asymmetry_5m|mean,912.0998992919922,1073.0769004821777,0.0006026704401143545,0.0012288778175434478,-0.0006262073774290933,撤单/犹豫,mean
reality_detach_flow_divergence_5m|lh,344.32600021362305,749.500599861145,0.0002275135675956558,0.0008583212079125043,-0.0006308076403168485,其他,lh
run_length_reversal_continuation_skew_5m|lh,208.8591022491455,681.230993270874,0.0001380037506550425,0.0007801394810357963,-0.0006421357303807538,其他,lh
near_miss_retry_surge_5m|std,271.3024950027466,725.5719985961914,0.0001792632519687235,0.0008309183933647952,-0.0006516551413960717,其他,std
overpay_regret_share_5m|mean,389.4767942428589,797.2380065917969,0.0002573469761183784,0.0009129896479581221,-0.0006556426718397437,情绪/行为偏差,mean
single_id_drip_footprint_5m|std,413.9458999633789,815.2845048904419,0.00027351494930337434,0.0009336563321757914,-0.0006601413828724171,其他,std
queue_emptying_ratio_5m|std,372.2140073776245,794.9537076950073,0.00024594058152744934,0.0009103736898272162,-0.0006644331082997668,队列/排队,std
cancel_driven_vol_fraction_5m|mean,686.9982051849365,979.4632978439331,0.00045393438920228625,0.0011216723790042587,-0.0006677379898019724,撤单/犹豫,mean
cancel_submit_ratio_sell_5m|lh,564.3582029342651,908.8235101699829,0.00037289994967498166,0.0010407763425044608,-0.0006678763928294791,撤单/犹豫,lh
rival_crossing_count_5m|mean,904.8726978302002,1107.8226900100708,0.0005978950633281556,0.0012686683768078166,-0.000670773313479661,其他,mean
leader_hesitation_contagion_5m|std,704.1996088027954,994.8348112106323,0.0004653002247834619,0.0011392756950293465,-0.0006739754702458846,撤单/犹豫,std
public_commitment_wall_stickiness_5m|mean,575.6724004745483,922.1378974914551,0.0003803758110542409,0.0010560238566632194,-0.0006756480456089786,其他,mean
queue_growth_attracts_joiners_5m|mean,539.7898015975952,906.669695854187,0.00035666636686462234,0.0010383098141180983,-0.000681643447253476,队列/排队,mean
lifetime_tail_hazard_shape_5m|mean,375.64539909362793,812.2256050109863,0.0002482078752277269,0.0009301533081089605,-0.0006819454328812337,大单/分单,mean
cancel_vs_trend_asym_5m|std,378.10610008239746,815.2443990707397,0.000249833784570599,0.0009336104033591667,-0.0006837766187885677,撤单/犹豫,std
phantom_jam_amplification_5m|lh,107.94269943237305,660.2221956253052,7.132318973452043e-05,0.0007560803987945348,-0.0006847572090600144,其他,lh
arrival_accel_asym_5m|lh,341.32200050354004,796.6915092468262,0.00022552867336555617,0.0009123638042145105,-0.0006868351308489544,侵略性/主动,lh
refill_latency_asymmetry_5m|mean,474.9223041534424,877.1106090545654,0.00031380513722943605,0.0010044590192136752,-0.0006906538819842392,其他,mean
iceberg_reload_rate_5m|lh,377.31879806518555,826.1464014053345,0.0002493135743901305,0.0009460952763722476,-0.000696781701982117,其他,lh
premature_closure_persistence_5m|mean,1214.833701133728,1309.975091934204,0.0008027019429520092,0.0015001714521009938,-0.0006974695091489846,其他,mean
queue_jump_abandonment_5m|std,5956.404007911682,4045.854898452759,0.003935696767134326,0.00463327589613944,-0.0006975791290051133,撤单/犹豫,std
first_responder_counterflow_5m|std,505.4163055419922,908.18980884552,0.0003339540630784035,0.0010400506335639082,-0.0007060965704855047,其他,std
trickle_down_elite_exit_5m|mean,270.9965009689331,780.8948020935059,0.0001790610662660676,0.0008942735601674879,-0.0007152124939014203,其他,mean
size_assortative_matching_5m|mean,647.2395009994507,1003.5333032608032,0.0004276638065956628,0.0011492371282889105,-0.0007215733216932477,大单/分单,mean
eff_spread_gap_5m|std,637.273398399353,1007.494499206543,0.00042107869958612587,0.0011537734535294177,-0.0007326947539432918,流动性/枯竭,std
spiteful_breakout_suppression_5m|lh,660.2319984436035,1024.4850988388062,0.0004362486054306702,0.0011732309322855705,-0.0007369823268549003,其他,lh
auction_fever_price_acceleration_5m|lh,498.8394031524658,941.6512031555176,0.00032960837171196243,0.0010783703152131485,-0.0007487619435011861,其他,lh
public_commitment_wall_stickiness_5m|std,380.1283988952637,874.5054006576538,0.00025117001946826635,0.0010014755584685934,-0.000750305539000327,其他,std
decisive_point_conc_5m|lh,433.5522003173828,905.7257957458496,0.00028646982154109077,0.0010372288683773117,-0.000750759046836221,其他,lh
supply_withdrawal_under_demand_5m|lh,294.0389003753662,833.3906984329224,0.00019428634257883268,0.0009543913788388075,-0.0007601050362599748,撤单/犹豫,lh
vol_ratio_5m|lh,310.7027006149292,844.5369997024536,0.00020529695647337505,0.000967156020749959,-0.000761859064276584,其他,lh
large_order_cancel_rate_5m|lh,368.9484987258911,883.0748014450073,0.00024378289514039343,0.0010112891575988013,-0.0007675062624584078,撤单/犹豫,lh
phantom_jam_amplification_5m|mean,282.7420015335083,836.3056001663208,0.0001868219113227447,0.000957729497550414,-0.0007709075862276693,其他,mean
commitment_ratchet_lockin_5m|mean,1276.775107383728,1426.7807025909424,0.0008436297564458674,0.0016339361653626287,-0.0007903064089167613,其他,mean
trust_ladder_ratcheting_5m|std,364.05580043792725,920.1300020217896,0.00024055004243112021,0.0010537244332001767,-0.0008131743907690565,其他,std
single_order_footprint_regret_5m|mean,228.04789638519287,843.7876977920532,0.00015068275546165663,0.0009662979270793933,-0.0008156151716177366,情绪/行为偏差,mean
induced_demand_wall_pull_5m|std,180.34910202026367,820.6836929321289,0.00011916575451126702,0.0009398394327664328,-0.0008206736782551657,其他,std
counter_signal_elite_contrarian_5m|mean,106.57109832763672,778.7486953735352,7.041690365544683e-05,0.0008918158584491228,-0.000821398954793676,其他,mean
order_size_bimodality_5m|lh,1528.2760906219482,1604.6102075576782,0.0010098091501449867,0.0018375848823000253,-0.0008277757321550386,大单/分单,lh
sticker_anchor_entry_gate_5m|std,726.5938014984131,1144.277497291565,0.00048009719820528765,0.0013104160875179434,-0.0008303188893126558,情绪/行为偏差,std
competitive_sweep_winner_overpay_5m|lh,374.822603225708,947.0574054718018,0.00024766421246860535,0.0010845614484866802,-0.000836897236018075,侵略性/主动,lh
monotone_tick_cascade_5m|mean,385.6000003814697,979.6871919631958,0.00025478538273974777,0.001121928780494699,-0.0008671433977549512,其他,mean
queue_position_at_fill_skew_5m|lh,702.9011011123657,1164.8838052749634,0.00046444223521248336,0.0013340142422922083,-0.0008695720070797249,队列/排队,lh
support_defense_count_5m|mean,2171.4760036468506,2022.2614192962646,0.0014348037970747056,0.0023158752167066923,-0.0008810714196319867,其他,mean
quote_lead_trade_score_5m|std,344.47309970855713,969.5680952072144,0.00022761076365654926,0.0011103404837646007,-0.0008827297201080514,其他,std
buy_reach_escalation_5m|mean,388.52629947662354,1006.6897296905518,0.0002567189362517606,0.001152851838866021,-0.0008961329026142605,其他,mean
schelling_anchor_convergence_5m|std,273.81850147247314,951.6609029769897,0.00018092570443431166,0.0010898333315779109,-0.0009089076271435992,情绪/行为偏差,std
stealth_accum_5m|mean,1313.6628923416138,1583.1911010742188,0.000868003377814173,0.0018130559181434983,-0.0009450525403293254,其他,mean
book_column_collapse_sync_5m|lh,232.76090240478516,975.659200668335,0.00015379687641956278,0.0011173159618334376,-0.0009635190854138748,羊群/同步,lh
book_hesitation_5m|std,762.7061033248901,1281.468991279602,0.0005039584187275126,0.0014675265272653549,-0.0009635681085378423,撤单/犹豫,std
cancel_submit_ratio_sell_5m|mean,2306.1694889068604,2173.4081954956055,0.0015238025812048192,0.002488967117558451,-0.000965164536353632,撤单/犹豫,mean
arrival_accel_asym_5m|std,373.8386001586914,1079.0875978469849,0.0002470140319763883,0.0012357612129983862,-0.0009887471810219978,侵略性/主动,std
supply_withdrawal_under_demand_5m|mean,253.5933017730713,1037.0344038009644,0.00016756189416122544,0.0011876022811485034,-0.001020040386987278,撤单/犹豫,mean
stealth_accum_5m|lh,637.9955005645752,1260.4740953445435,0.0004215558289335359,0.0014434833651353774,-0.0010219275362018416,其他,lh
anchor_round_number_buy_5m|mean,520.4044990539551,1206.810118675232,0.00034385751903469243,0.001382027871591109,-0.0010381703525564165,情绪/行为偏差,mean
exploratory_spread_width_5m|std,535.6054039001465,1228.2149076461792,0.0003539015241057398,0.0014065404394637156,-0.0010526389153579759,流动性/枯竭,std
outhead_target_sell_5m|mean,388.2051010131836,1143.3966970443726,0.0002565067042150334,0.0013094074031589987,-0.0010529006989439653,其他,mean
frictionless_compulsive_reentry_5m|std,205.87720108032227,1040.7735033035278,0.00013603345804653855,0.0011918842635807254,-0.0010558508055341868,其他,std
chain_migration_arrival_acceleration_5m|std,1463.1505012512207,1767.8482027053833,0.0009667773861471726,0.0020245235361161145,-0.0010577461499689418,侵略性/主动,std
deindividuation_5m|mean,1007.1791000366211,1513.9753046035767,0.000665494067003214,0.0017337906233000867,-0.0010682965562968725,情绪/行为偏差,mean
round_number_size_at_price_anchor_5m|std,235.2784023284912,1079.1565017700195,0.00015546031568557466,0.0012358401211386332,-0.0010803798054530584,情绪/行为偏差,std
support_buildup_5m|std,281.93389797210693,1161.487102508545,0.0001862879565121085,0.001330124369459642,-0.0011438364129475334,其他,std
low_anchor_buy_5m|std,306.8736991882324,1178.6679058074951,0.0002027669419685855,0.0013497996677091619,-0.0011470327257405764,情绪/行为偏差,std
intraframe_vol_leakage_5m|mean,423.82020378112793,1268.783299446106,0.0002800394002240301,0.0014529989894091484,-0.0011729595891851183,其他,mean
relative_overtake_chase_5m|lh,390.4871997833252,1249.880599975586,0.00025801460205742246,0.0014313517914678131,-0.0011733371894103906,其他,lh
l1_cancel_churn_5m|mean,7886.8865032196045,5605.203001976013,0.00521126398952235,0.006419027032322803,-0.001207763042800453,撤单/犹豫,mean
distance_to_board_order_gradient_5m|lh,2981.0023040771484,2780.9224042892456,0.0019696986831975773,0.0031846868135965473,-0.00121498813039897,涨跌停/封板,lh
arrival_accel_asym_5m|mean,308.56200218200684,1255.2421922683716,0.00020388248897072224,0.001437491837751873,-0.0012336093487811508,侵略性/主动,mean
sniper_liquidity_pounce_5m|lh,938.1914024353027,1620.5205945968628,0.0006199104131642693,0.0018558053115089658,-0.0012358948983446966,流动性/枯竭,lh
cancel_arrival_clustering_5m|std,3980.1717071533203,3483.3396968841553,0.0026299003391435337,0.003989088650166644,-0.00135918831102311,侵略性/主动,std
distance_to_board_order_gradient_5m|std,4121.763902664185,3565.5517082214355,0.0027234574493367586,0.004083237090993781,-0.0013597796416570224,涨跌停/封板,std
order_lifetime_tail_5m|lh,2977.1672925949097,2917.7550706863403,0.001967164697545744,0.0033413863272801943,-0.0013742216297344505,大单/分单,lh
slam_churn_5m|mean,450.16360092163086,1478.2274856567383,0.0002974458123518003,0.0016928525491419443,-0.001395406736790144,其他,mean
deadline_concession_lift_5m|mean,543.8316040039062,1532.9979047775269,0.00035933698971740143,0.0017555751304265206,-0.0013962381407091192,其他,mean
draft_behind_large_order_5m|std,1351.644100189209,2038.0990905761719,0.0008930994788743235,0.0023340123724955066,-0.001440912893621183,其他,std
vol_ratio_5m|mean,444.97029972076416,1531.6842002868652,0.00029401433612556433,0.001754070688101226,-0.0014600563519756617,其他,mean
best_queue_survival_halflife_diff_5m|mean,1037.1431951522827,1883.6078958511353,0.0006852928570315891,0.0021570904742437827,-0.0014717976172121936,队列/排队,mean
near_uplimit_buy_press_5m|mean,7171.8406047821045,5427.30397605896,0.004738797073729681,0.006215298700631179,-0.0014765016269014984,涨跌停/封板,mean
flight_to_safety_flow_beta_asym_5m|std,465.88050174713135,1602.09352684021,0.00030783076201037465,0.0018347028026409196,-0.0015268720406305448,其他,std
single_order_footprint_regret_5m|std,1321.6496992111206,2122.5871057510376,0.0008732806642330075,0.0024307672720278823,-0.0015574866077948748,情绪/行为偏差,std
pre_move_liquidity_evaporation_lead_5m|std,4500.034234046936,3973.369960784912,0.00297339974981679,0.0045502668108017424,-0.0015768670609849524,流动性/枯竭,std
near_uplimit_buy_press_5m|lh,10981.938103675842,7727.822811126709,0.007256320799276977,0.008849831755983818,-0.0015935109567068407,涨跌停/封板,lh
stealth_split_burst_5m|mean,570.2354021072388,1744.7985010147095,0.00037678331180994646,0.0019981272292941754,-0.001621343917484229,其他,mean
bloodless_displacement_5m|lh,865.0266971588135,1920.5097169876099,0.0005715667995271596,0.002199350101117861,-0.0016277833015907015,其他,lh
small_order_arrival_share_5m|mean,4005.7120027542114,3751.7175121307373,0.0026467761015489324,0.004296432460968185,-0.0016496563594192524,侵略性/主动,mean
propping_score_5m|std,1519.6846008300781,2345.1905975341797,0.0010041323191990305,0.002685690747723893,-0.0016815584285248624,其他,std
low_anchor_buy_5m|lh,282.0541019439697,1636.2087306976318,0.00018636738134340415,0.001873771220983091,-0.0016874038396396869,情绪/行为偏差,lh
sniper_liquidity_pounce_5m|mean,665.7771005630493,1912.1060009002686,0.0004399125342803494,0.002189726242585424,-0.0017498137083050746,流动性/枯竭,mean
l1_cancel_churn_5m|lh,4604.479998588562,4184.683387756348,0.0030424123381673023,0.00479226100789759,-0.0017498486697302873,撤单/犹豫,lh
best_queue_survival_halflife_mean_5m|mean,742.2944011688232,2007.467025756836,0.0004904713768679214,0.0022989328130108874,-0.0018084614361429658,队列/排队,mean
propping_score_5m|mean,1763.8564949035645,2612.0934047698975,0.001165469013764013,0.0029913453928892752,-0.0018258763791252621,其他,mean
l1_quote_flicker_confirmed_5m|mean,586.3557996749878,2004.502878189087,0.00038743487213191896,0.0022955382984217697,-0.0019081034262898506,其他,mean
l1_replenish_amt_5m|std,1917.4012966156006,2830.4475173950195,0.0012669238141613105,0.0032414025185750713,-0.001974478704413761,其他,std
vulnerable_fraction_5m|mean,4234.239004135132,4231.989101409912,0.0027977754258632554,0.004846435076993482,-0.002048659651130227,其他,mean
interarrival_tail_dispersion_5m|std,353.270694732666,1993.3684997558594,0.00023342377873224792,0.0022827873104333232,-0.0020493635317010753,侵略性/主动,std
headline_vs_allin_elasticity_5m|mean,504.3221035003662,2136.1419830322266,0.00033323106856156096,0.0024462901930812496,-0.0021130591245196884,其他,mean
l1_quote_flicker_replenish_5m|lh,2659.731595993042,3482.3847064971924,0.0017574189107875653,0.003987995003940563,-0.002230576093152998,其他,lh
cancel_submit_ratio_buy_5m|mean,760.2358951568604,2468.08389377594,0.0005023262275114449,0.0028264270226436446,-0.0023241007951321996,撤单/犹豫,mean
cancel_arrival_clustering_5m|mean,2463.3729124069214,3452.9453983306885,0.0016276748176800204,0.003954281378427437,-0.002326606560747417,侵略性/主动,mean
order_size_bimodality_5m|mean,2852.9513998031616,3721.0843982696533,0.0018850889875976224,0.004261351700130584,-0.002376262712532961,大单/分单,mean
support_defense_count_5m|lh,3351.0069856643677,4015.2545738220215,0.0022141794516634386,0.004598232685227487,-0.002384053233564048,其他,lh
survival_under_adverse_5m|mean,2918.6046934127808,3842.9370079040527,0.0019284694324210238,0.004400896190299191,-0.002472426757878167,其他,mean
bloodless_displacement_5m|std,559.749698638916,2499.0714025497437,0.0003698548782808253,0.002861913633282593,-0.0024920587550017674,其他,std
vol_ratio_5m|std,407.2026033401489,2571.3951988220215,0.00026905931286826644,0.0029447381809730683,-0.002675678868104802,其他,std
aggr_penetration_depth_5m|mean,479.62600326538086,2634.8722829818726,0.0003169131086437054,0.003017431555149074,-0.0027005184465053685,流动性/枯竭,mean
l1_replenish_amt_5m|mean,1189.6279010772705,3052.261706352234,0.0007860471986358971,0.0034954220919191895,-0.0027093748932832925,其他,mean
conspicuous_overpay_when_cheap_5m|std,1235.7593021392822,3134.7717895507812,0.000816528543719605,0.0035899118819060936,-0.0027733833381864887,情绪/行为偏差,std
conspicuous_overpay_when_cheap_5m|mean,2235.91419506073,3729.620672225952,0.001477381362547217,0.004271127362717912,-0.002793746000170695,情绪/行为偏差,mean
small_order_arrival_share_5m|std,482.4771041870117,2791.9197034835815,0.0003187969749269749,0.0031972808196987527,-0.002878483844771778,侵略性/主动,std
support_defense_count_5m|std,1997.1436929702759,3692.034309387207,0.0013196136402912665,0.004228083804969238,-0.002908470164677971,其他,std
l1_quote_flicker_confirmed_5m|lh,2645.295298576355,4144.383604049683,0.0017478801204374183,0.004746110065475228,-0.00299822994503781,其他,lh
sticker_anchor_entry_gate_5m|mean,4634.974316596985,5303.979480743408,0.003062561473223001,0.006074068620489742,-0.0030115071472667414,情绪/行为偏差,mean
size_price_position_coupling_5m|mean,1694.8727989196777,3625.1419010162354,0.0011198880039956802,0.004151479232853104,-0.0030315912288574236,队列/排队,mean
trust_ladder_ratcheting_5m|mean,584.561598777771,3013.4312028884888,0.00038624935303996577,0.0034509537557457066,-0.003064704402705741,其他,mean
book_hesitation_5m|mean,923.0310001373291,3403.286494255066,0.0006098931701711249,0.0038974124572582003,-0.0032875192870870755,撤单/犹豫,mean
dist_into_strength_5m|lh,4236.648889541626,5370.989004135132,0.00279936775878609,0.0061508073116527395,-0.0033514395528666495,其他,lh
cancel_arrival_clustering_5m|lh,1373.1778011322021,3804.305015563965,0.0009073278819633693,0.0043566551872425505,-0.003449327305279181,侵略性/主动,lh
bilateral_liquidity_flight_5m|mean,345.1845989227295,3630.867859840393,0.00022808088709903526,0.00415803654834467,-0.003929955661245635,流动性/枯竭,mean
trade_size_tail_5m|lh,2250.896915435791,5636.590883255005,0.0014872812021257077,0.006454972145880003,-0.0049676909437542955,大单/分单,lh
exit_crush_5m|mean,1723.2784824371338,5418.394939422607,0.0011386570728230123,0.006205096153643935,-0.005066439080820922,其他,mean
low_anchor_buy_5m|mean,1185.824010848999,5361.618640899658,0.000783533776367351,0.006140076457678318,-0.0053565426813109674,情绪/行为偏差,mean
book_column_collapse_sync_5m|mean,362.9657974243164,6215.771583557129,0.0002398298224240259,0.0071182445680435455,-0.0068784147456195195,羊群/同步,mean
drip_surcharge_neglect_5m|mean,728.670202255249,7160.008416175842,0.0004814691809880371,0.008199575922386583,-0.007718106741398546,其他,mean
trade_size_tail_5m|mean,6373.570279121399,11892.812300682068,0.00421133957826278,0.0136195394924157,-0.009408199914152919,大单/分单,mean
realized_vol_5m|lh,1593.4796838760376,9347.998270988464,0.001052892455245648,0.010705241822361844,-0.009652349367116196,其他,lh
buy_sell_order_size_asym_5m|mean,2978.03897857666,10585.404216766357,0.0019677406644707167,0.012122307754337033,-0.010154567089866316,大单/分单,mean
slam_absorb_cycle_count_5m|mean,1314.6526947021484,11039.04994392395,0.0008686573901923266,0.012641818677437546,-0.01177316128724522,其他,mean
coverage,4833.542098045349,22569.27944278717,0.003193765228788493,0.0258461316730591,-0.022652366444270607,其他,coverage
auction_fever_price_acceleration_5m|mean,2605.9873218536377,23046.371871948242,0.001721907356215129,0.02639249354409604,-0.02467058618788091,其他,mean
realized_vol_5m|mean,25792.29849243164,101065.86960220337,0.017042273435246117,0.11573970626809622,-0.09869743283285011,其他,mean
